timestamp,temperature,relative_humidities,dB
2024-01-01 09:00:00,21.32,40.09,94.11
2024-01-01 12:00:00,20.08,39.95,92.1
2024-01-01 15:00:00,20.4,39.62,92.19
2024-01-01 18:00:00,21.7,40.25,94.11
2024-01-01 21:00:00,20.86,40.15,94.38
2024-01-02 00:00:00,21.74,40.49,90.07
2024-01-02 03:00:00,21.46,39.76,91.56
2024-01-02 06:00:00,21.94,39.63,91.36
2024-01-02 09:00:00,20.5,39.57,90.31
2024-01-02 12:00:00,20.33,40.23,94.35
2024-01-02 15:00:00,20.85,39.52,94.98
2024-01-02 18:00:00,21.83,40.0,91.47
2024-01-02 21:00:00,21.12,39.72,89.38
2024-01-03 00:00:00,21.92,39.91,91.01
2024-01-03 03:00:00,21.33,39.84,91.26
2024-01-03 06:00:00,21.27,39.89,93.78
2024-01-03 09:00:00,20.66,40.03,94.27
2024-01-03 12:00:00,20.18,39.82,92.26
2024-01-03 15:00:00,21.02,40.39,92.57
2024-01-03 18:00:00,20.7,40.0,90.18
2024-01-03 21:00:00,20.13,40.0,89.72
2024-01-04 00:00:00,20.59,40.2,89.43
2024-01-04 03:00:00,21.03,40.44,91.35
2024-01-04 06:00:00,20.69,40.2,94.88
2024-01-04 09:00:00,21.68,39.82,92.93
2024-01-04 12:00:00,21.07,39.84,90.3
2024-01-04 15:00:00,21.71,39.78,93.62
2024-01-04 18:00:00,20.92,40.46,91.76
2024-01-04 21:00:00,20.73,39.86,92.06
2024-01-05 00:00:00,20.52,39.65,89.04
2024-01-05 03:00:00,20.11,39.96,93.59
2024-01-05 06:00:00,20.42,40.43,91.78
2024-01-05 09:00:00,20.59,40.39,91.2
2024-01-05 12:00:00,21.75,40.1,94.52
2024-01-05 15:00:00,21.69,39.95,91.57
2024-01-05 18:00:00,20.48,39.92,94.65
2024-01-05 21:00:00,20.29,40.13,93.17
2024-01-06 00:00:00,20.53,39.7,90.1
2024-01-06 03:00:00,21.04,40.19,94.71
2024-01-06 06:00:00,21.86,39.98,90.46
2024-01-06 09:00:00,20.27,40.0,90.23
2024-01-06 12:00:00,20.25,40.18,94.79
2024-01-06 15:00:00,20.42,40.43,89.19
2024-01-06 18:00:00,20.61,40.37,90.43
2024-01-06 21:00:00,21.9,39.59,94.12
2024-01-07 00:00:00,20.96,40.13,89.25
2024-01-07 03:00:00,21.13,40.46,93.63
2024-01-07 06:00:00,20.12,40.22,91.22
2024-01-07 09:00:00,20.56,39.74,89.38
2024-01-07 12:00:00,20.02,39.69,93.94
2024-01-07 15:00:00,20.69,39.82,91.76
2024-01-07 18:00:00,21.35,40.04,91.0
2024-01-07 21:00:00,20.9,40.36,93.99
2024-01-08 00:00:00,20.35,39.76,92.4
2024-01-08 03:00:00,20.81,39.78,91.69
2024-01-08 06:00:00,21.38,40.19,90.43
2024-01-08 09:00:00,21.15,40.09,92.51
2024-01-08 12:00:00,20.74,39.82,94.58
2024-01-08 15:00:00,21.29,39.66,93.29
2024-01-08 18:00:00,21.34,39.5,92.26
2024-01-08 21:00:00,20.79,40.02,90.31
2024-01-09 00:00:00,20.23,40.43,92.42
2024-01-09 03:00:00,20.14,40.23,94.61
2024-01-09 06:00:00,21.71,39.84,92.0
2024-01-09 09:00:00,20.27,40.0,92.86
2024-01-09 12:00:00,21.29,39.76,89.88
2024-01-09 15:00:00,20.87,39.6,91.08
2024-01-09 18:00:00,21.33,40.26,92.95
2024-01-09 21:00:00,21.56,40.03,92.36
2024-01-10 00:00:00,21.15,39.86,89.71
2024-01-10 03:00:00,21.43,39.58,89.08
2024-01-10 06:00:00,20.65,39.86,90.06
2024-01-10 09:00:00,21.93,40.12,89.47
2024-01-10 12:00:00,21.51,39.71,89.86
2024-01-10 15:00:00,20.4,40.16,92.06
2024-01-10 18:00:00,21.59,40.31,91.76
2024-01-10 21:00:00,21.69,39.9,94.61
2024-01-11 00:00:00,21.71,40.07,90.18
2024-01-11 03:00:00,20.89,39.64,91.39
2024-01-11 06:00:00,20.43,39.98,89.82
2024-01-11 09:00:00,21.72,40.22,93.02
2024-01-11 12:00:00,21.43,39.64,89.83
2024-01-11 15:00:00,21.83,40.13,93.89
2024-01-11 18:00:00,21.97,39.82,91.88
2024-01-11 21:00:00,20.77,40.42,93.94
2024-01-12 00:00:00,21.48,40.32,89.43
2024-01-12 03:00:00,20.49,40.03,89.89
2024-01-12 06:00:00,21.1,39.9,91.93
2024-01-12 09:00:00,20.87,40.47,93.64
2024-01-12 12:00:00,20.44,39.78,92.42
2024-01-12 15:00:00,20.83,40.18,90.67
2024-01-12 18:00:00,21.65,39.79,92.16
2024-01-12 21:00:00,21.9,39.86,89.49
2024-01-13 00:00:00,21.13,39.51,91.74
2024-01-13 03:00:00,21.01,40.13,90.48
2024-01-13 06:00:00,20.04,40.17,91.49
2024-01-13 09:00:00,21.61,39.57,89.59
2024-01-13 12:00:00,21.89,39.79,89.28
2024-01-13 15:00:00,20.07,40.17,91.98
2024-01-13 18:00:00,20.73,39.86,90.24
2024-01-13 21:00:00,21.36,39.8,91.06
2024-01-14 00:00:00,21.48,39.62,90.45
2024-01-14 03:00:00,21.94,40.26,94.03
2024-01-14 06:00:00,21.96,39.51,91.22
2024-01-14 09:00:00,21.11,39.9,94.92
2024-01-14 12:00:00,21.38,39.95,92.87
2024-01-14 15:00:00,20.19,39.9,89.61
2024-01-14 18:00:00,21.81,39.6,93.47
2024-01-14 21:00:00,21.38,39.54,90.87
2024-01-15 00:00:00,20.39,40.11,91.69
2024-01-15 03:00:00,20.36,39.77,93.9
2024-01-15 06:00:00,21.2,39.62,95.0
2024-01-15 09:00:00,21.35,39.69,94.27
2024-01-15 12:00:00,21.45,39.53,89.78
2024-01-15 15:00:00,20.75,39.96,89.32
2024-01-15 18:00:00,21.13,40.26,90.25
2024-01-15 21:00:00,20.95,40.47,89.94
2024-01-16 00:00:00,21.09,40.42,94.63
2024-01-16 03:00:00,20.84,39.61,91.59
2024-01-16 06:00:00,20.62,39.62,93.36
2024-01-16 09:00:00,20.15,39.91,93.18
2024-01-16 12:00:00,21.36,39.94,93.23
2024-01-16 15:00:00,21.33,39.91,94.19
2024-01-16 18:00:00,20.17,40.25,92.85
2024-01-16 21:00:00,20.35,39.71,94.0
2024-01-17 00:00:00,21.03,39.69,94.75
2024-01-17 03:00:00,20.63,40.48,93.65
2024-01-17 06:00:00,20.99,39.85,92.06
2024-01-17 09:00:00,20.84,39.65,89.71
2024-01-17 12:00:00,20.85,39.85,94.02
2024-01-17 15:00:00,21.99,40.11,93.82
2024-01-17 18:00:00,21.9,39.68,91.42
2024-01-17 21:00:00,20.71,40.42,92.92
2024-01-18 00:00:00,21.98,40.49,93.86
2024-01-18 03:00:00,20.31,39.76,89.53
2024-01-18 06:00:00,21.58,39.79,93.05
2024-01-18 09:00:00,20.0,40.17,91.31
2024-01-18 12:00:00,21.94,40.23,89.43
2024-01-18 15:00:00,20.2,39.97,93.46
2024-01-18 18:00:00,21.3,39.78,90.08
2024-01-18 21:00:00,21.9,40.18,90.45
2024-01-19 00:00:00,20.47,40.47,89.15
2024-01-19 03:00:00,21.14,39.94,91.51
2024-01-19 06:00:00,21.39,39.87,91.13
2024-01-19 09:00:00,20.48,39.61,93.22
2024-01-19 12:00:00,21.4,40.35,94.7
2024-01-19 15:00:00,21.05,39.71,89.73
2024-01-19 18:00:00,20.16,40.35,93.24
2024-01-19 21:00:00,20.78,39.87,89.74
2024-01-20 00:00:00,21.29,39.8,90.44
2024-01-20 03:00:00,20.09,40.2,92.52
2024-01-20 06:00:00,20.08,40.27,91.99
2024-01-20 09:00:00,21.24,40.3,90.8
2024-01-20 12:00:00,20.51,39.8,93.52
2024-01-20 15:00:00,21.09,40.46,93.8
2024-01-20 18:00:00,21.36,40.24,89.84
2024-01-20 21:00:00,20.54,39.93,90.63
2024-01-21 00:00:00,21.79,39.99,89.38
2024-01-21 03:00:00,21.52,40.36,90.0
2024-01-21 06:00:00,21.53,40.01,89.91
2024-01-21 09:00:00,20.02,39.7,90.67
2024-01-21 12:00:00,21.68,39.85,92.18
2024-01-21 15:00:00,20.59,39.64,94.42
2024-01-21 18:00:00,20.97,40.18,92.32
2024-01-21 21:00:00,21.6,40.27,89.91
2024-01-22 00:00:00,20.0,39.52,94.99
2024-01-22 03:00:00,21.19,39.73,90.77
2024-01-22 06:00:00,21.56,40.21,92.82
2024-01-22 09:00:00,21.4,40.13,89.77
2024-01-22 12:00:00,20.26,40.46,89.68
2024-01-22 15:00:00,21.12,39.99,93.21
2024-01-22 18:00:00,21.67,39.7,94.8
2024-01-22 21:00:00,20.94,39.88,91.18
2024-01-23 00:00:00,21.19,39.96,92.88
2024-01-23 03:00:00,20.81,40.37,92.53
2024-01-23 06:00:00,21.95,39.67,89.38
2024-01-23 09:00:00,21.01,39.61,93.47
2024-01-23 12:00:00,21.97,39.78,89.28
2024-01-23 15:00:00,20.95,40.24,89.05
2024-01-23 18:00:00,21.55,40.3,89.53
2024-01-23 21:00:00,20.92,40.25,92.9
2024-01-24 00:00:00,20.67,39.55,89.18
2024-01-24 03:00:00,21.17,40.48,90.27
2024-01-24 06:00:00,20.44,39.64,91.56
2024-01-24 09:00:00,20.3,40.26,89.81
2024-01-24 12:00:00,21.28,40.0,91.0
2024-01-24 15:00:00,21.15,39.71,89.95
2024-01-24 18:00:00,20.1,39.94,90.71
2024-01-24 21:00:00,21.99,40.13,90.73
2024-01-25 00:00:00,20.64,39.99,93.53
2024-01-25 03:00:00,20.27,39.74,94.04
2024-01-25 06:00:00,20.3,40.17,90.01
2024-01-25 09:00:00,21.43,40.28,90.17
2024-01-25 12:00:00,20.93,39.64,91.26
2024-01-25 15:00:00,21.06,39.77,91.74
2024-01-25 18:00:00,21.41,40.28,90.66
2024-01-25 21:00:00,20.16,39.51,92.25
2024-01-26 00:00:00,21.97,40.18,90.52
2024-01-26 03:00:00,20.75,40.34,89.47
2024-01-26 06:00:00,20.35,40.22,94.6
2024-01-26 09:00:00,21.7,40.14,89.13
2024-01-26 12:00:00,20.34,40.25,89.08
2024-01-26 15:00:00,21.87,39.8,92.36
2024-01-26 18:00:00,20.47,40.45,93.6
2024-01-26 21:00:00,20.15,40.01,92.64
2024-01-27 00:00:00,20.68,39.68,93.51
2024-01-27 03:00:00,20.65,40.45,92.65
2024-01-27 06:00:00,20.55,40.41,89.66
2024-01-27 09:00:00,20.46,39.58,89.01
2024-01-27 12:00:00,20.26,39.67,90.42
2024-01-27 15:00:00,21.98,40.33,93.91
2024-01-27 18:00:00,21.98,39.52,89.81
2024-01-27 21:00:00,20.0,40.26,94.45
2024-01-28 00:00:00,20.69,39.65,93.95
2024-01-28 03:00:00,20.04,40.11,92.77
2024-01-28 06:00:00,21.14,40.22,89.95
2024-01-28 09:00:00,21.73,39.91,91.36
2024-01-28 12:00:00,21.78,40.4,91.54
2024-01-28 15:00:00,20.82,40.45,89.46
2024-01-28 18:00:00,20.43,39.51,89.31
2024-01-28 21:00:00,20.84,40.16,90.54
2024-01-29 00:00:00,20.06,39.83,91.83
2024-01-29 03:00:00,21.14,39.83,92.59
2024-01-29 06:00:00,20.66,40.1,89.53
2024-01-29 09:00:00,20.29,40.05,90.16
2024-01-29 12:00:00,21.86,39.81,89.03
2024-01-29 15:00:00,21.96,40.17,93.93
2024-01-29 18:00:00,21.28,39.85,93.7
2024-01-29 21:00:00,21.39,39.6,91.86
2024-01-30 00:00:00,20.29,39.66,92.86
2024-01-30 03:00:00,20.38,39.77,93.42
2024-01-30 06:00:00,20.47,40.0,91.34
2024-01-30 09:00:00,20.43,40.18,90.03
2024-01-30 12:00:00,21.6,40.0,94.64
2024-01-30 15:00:00,20.29,39.79,91.53
2024-01-30 18:00:00,20.8,40.07,92.86
2024-01-30 21:00:00,21.12,39.77,89.89
2024-01-31 00:00:00,21.35,39.9,94.78
2024-01-31 03:00:00,20.99,40.12,93.31
2024-01-31 06:00:00,21.54,40.06,94.4
2024-01-31 09:00:00,20.03,39.96,89.53
2024-01-31 12:00:00,21.97,40.11,89.97
2024-01-31 15:00:00,21.76,39.83,89.41
2024-01-31 18:00:00,21.44,39.52,93.23
2024-01-31 21:00:00,21.24,39.54,91.41
2024-02-01 00:00:00,20.52,40.32,91.39
2024-02-01 03:00:00,20.73,39.68,89.12
2024-02-01 06:00:00,21.67,39.8,91.83
2024-02-01 09:00:00,20.53,39.67,94.33
2024-02-01 12:00:00,21.49,39.8,92.67
2024-02-01 15:00:00,21.25,40.21,94.89
2024-02-01 18:00:00,20.78,39.54,93.8
2024-02-01 21:00:00,20.48,39.92,94.52
2024-02-02 00:00:00,21.36,40.29,93.4
2024-02-02 03:00:00,21.06,39.55,94.7
2024-02-02 06:00:00,20.25,39.97,93.45
2024-02-02 09:00:00,20.15,40.03,94.98
2024-02-02 12:00:00,20.09,40.41,89.96
2024-02-02 15:00:00,20.67,40.23,89.63
2024-02-02 18:00:00,21.74,39.65,90.96
2024-02-02 21:00:00,21.67,40.42,92.3
2024-02-03 00:00:00,21.23,40.17,89.35
2024-02-03 03:00:00,21.07,40.04,92.27
2024-02-03 06:00:00,21.72,39.91,94.9
2024-02-03 09:00:00,20.43,39.66,93.96
2024-02-03 12:00:00,21.28,39.62,93.67
2024-02-03 15:00:00,21.2,40.12,90.65
2024-02-03 18:00:00,21.5,40.01,92.07
2024-02-03 21:00:00,21.88,39.53,94.52
2024-02-04 00:00:00,20.7,39.61,91.8
2024-02-04 03:00:00,20.42,39.87,91.0
2024-02-04 06:00:00,20.49,40.23,91.35
2024-02-04 09:00:00,21.34,39.77,92.83
2024-02-04 12:00:00,20.82,40.37,89.11
2024-02-04 15:00:00,21.13,39.55,89.07
2024-02-04 18:00:00,20.17,40.1,91.15
2024-02-04 21:00:00,20.61,40.04,90.77
2024-02-05 00:00:00,21.38,39.69,91.81
2024-02-05 03:00:00,21.66,39.53,92.44
2024-02-05 06:00:00,21.56,39.58,91.52
2024-02-05 09:00:00,20.51,39.97,91.7
2024-02-05 12:00:00,20.65,39.61,94.99
2024-02-05 15:00:00,21.81,40.11,89.92
2024-02-05 18:00:00,20.59,40.31,93.11
2024-02-05 21:00:00,21.81,39.57,89.05
2024-02-06 00:00:00,21.69,40.36,94.65
2024-02-06 03:00:00,21.78,39.66,90.75
2024-02-06 06:00:00,20.04,40.09,92.56
2024-02-06 09:00:00,20.4,40.28,90.21
2024-02-06 12:00:00,20.64,39.85,94.71
2024-02-06 15:00:00,20.31,40.32,89.94
2024-02-06 18:00:00,21.33,39.51,93.72
2024-02-06 21:00:00,20.85,39.9,93.65
2024-02-07 00:00:00,20.39,40.0,92.19
2024-02-07 03:00:00,20.34,40.09,90.01
2024-02-07 06:00:00,21.56,39.55,94.75
2024-02-07 09:00:00,21.09,39.75,94.15
2024-02-07 12:00:00,20.09,40.08,93.72
2024-02-07 15:00:00,20.9,40.49,92.28
2024-02-07 18:00:00,21.2,40.21,91.01
2024-02-07 21:00:00,21.96,40.05,91.55
2024-02-08 00:00:00,20.97,40.24,92.5
2024-02-08 03:00:00,21.03,39.96,93.11
2024-02-08 06:00:00,20.64,40.31,93.45
2024-02-08 09:00:00,21.4,40.13,89.86
2024-02-08 12:00:00,21.52,39.51,94.23
2024-02-08 15:00:00,20.39,40.09,91.84
2024-02-08 18:00:00,21.57,40.43,94.48
2024-02-08 21:00:00,20.42,40.08,89.29
2024-02-09 00:00:00,20.95,40.35,90.47
2024-02-09 03:00:00,21.91,40.03,89.27
2024-02-09 06:00:00,20.5,39.85,90.8
2024-02-09 09:00:00,21.73,40.08,90.53
2024-02-09 12:00:00,20.6,39.61,90.46
2024-02-09 15:00:00,20.48,40.36,94.01
2024-02-09 18:00:00,21.02,40.03,94.95
2024-02-09 21:00:00,20.84,40.49,94.65
2024-02-10 00:00:00,20.32,40.15,89.52
2024-02-10 03:00:00,21.99,40.02,89.66
2024-02-10 06:00:00,20.75,40.18,90.75
2024-02-10 09:00:00,21.15,39.75,94.1
2024-02-10 12:00:00,21.89,40.19,89.04
2024-02-10 15:00:00,20.85,40.42,89.05
2024-02-10 18:00:00,21.69,40.42,90.16
2024-02-10 21:00:00,21.26,40.29,90.26
2024-02-11 00:00:00,20.12,40.0,92.75
2024-02-11 03:00:00,20.77,39.9,89.52
2024-02-11 06:00:00,21.91,40.23,91.6
2024-02-11 09:00:00,20.79,40.29,90.09
2024-02-11 12:00:00,20.68,39.66,89.21
2024-02-11 15:00:00,20.99,39.53,93.25
2024-02-11 18:00:00,20.83,40.42,92.96
2024-02-11 21:00:00,21.08,39.94,90.63
2024-02-12 00:00:00,20.5,40.17,89.97
2024-02-12 03:00:00,20.95,40.48,92.44
2024-02-12 06:00:00,21.12,39.61,93.7
2024-02-12 09:00:00,21.78,39.85,91.81
2024-02-12 12:00:00,21.38,40.2,89.51
2024-02-12 15:00:00,21.7,40.24,91.51
2024-02-12 18:00:00,21.2,40.1,91.56
2024-02-12 21:00:00,21.98,40.07,93.16
2024-02-13 00:00:00,20.53,39.54,89.33
2024-02-13 03:00:00,21.87,40.42,91.36
2024-02-13 06:00:00,20.5,39.7,89.68
2024-02-13 09:00:00,20.03,39.71,92.05
2024-02-13 12:00:00,21.76,40.46,94.21
2024-02-13 15:00:00,21.11,40.03,90.35
2024-02-13 18:00:00,21.8,40.24,90.08
2024-02-13 21:00:00,21.15,39.68,91.54
2024-02-14 00:00:00,20.09,40.42,91.32
2024-02-14 03:00:00,20.0,40.38,91.85
2024-02-14 06:00:00,21.16,40.18,94.59
2024-02-14 09:00:00,20.57,39.86,94.66
2024-02-14 12:00:00,21.8,40.14,93.22
2024-02-14 15:00:00,20.72,40.49,91.9
2024-02-14 18:00:00,21.83,39.65,91.7
2024-02-14 21:00:00,20.38,40.03,89.6
2024-02-15 00:00:00,21.06,39.71,92.08
2024-02-15 03:00:00,21.79,40.32,94.42
2024-02-15 06:00:00,20.87,39.73,92.29
2024-02-15 09:00:00,20.71,39.87,91.92
2024-02-15 12:00:00,21.76,40.07,91.48
2024-02-15 15:00:00,20.16,40.19,91.48
2024-02-15 18:00:00,21.74,39.87,92.01
2024-02-15 21:00:00,21.87,40.23,90.13
2024-02-16 00:00:00,21.04,40.3,89.72
2024-02-16 03:00:00,21.24,39.76,91.17
2024-02-16 06:00:00,20.47,39.67,94.54
2024-02-16 09:00:00,21.69,40.01,90.99
2024-02-16 12:00:00,21.07,39.94,90.7
2024-02-16 15:00:00,20.64,39.93,94.78
2024-02-16 18:00:00,20.25,40.11,92.39
2024-02-16 21:00:00,21.22,40.13,92.52
2024-02-17 00:00:00,20.86,39.91,94.02
2024-02-17 03:00:00,20.32,40.39,91.6
2024-02-17 06:00:00,20.89,40.21,91.97
2024-02-17 09:00:00,21.21,40.31,90.68
2024-02-17 12:00:00,21.45,40.04,90.71
2024-02-17 15:00:00,21.75,39.85,92.41
2024-02-17 18:00:00,21.75,40.14,90.22
2024-02-17 21:00:00,20.45,40.43,94.98
2024-02-18 00:00:00,20.24,39.98,92.2
2024-02-18 03:00:00,20.6,40.1,91.33
2024-02-18 06:00:00,20.57,40.25,94.13
2024-02-18 09:00:00,21.28,40.05,94.52
2024-02-18 12:00:00,21.96,39.69,91.29
2024-02-18 15:00:00,21.67,39.89,93.19
2024-02-18 18:00:00,20.54,40.36,93.09
2024-02-18 21:00:00,21.88,40.34,93.74
2024-02-19 00:00:00,20.0,39.68,94.19
2024-02-19 03:00:00,20.06,40.19,93.68
2024-02-19 06:00:00,21.05,39.8,91.01
2024-02-19 09:00:00,21.12,39.57,94.1
2024-02-19 12:00:00,20.95,40.33,92.39
2024-02-19 15:00:00,21.85,40.24,90.41
2024-02-19 18:00:00,20.36,39.68,89.38
2024-02-19 21:00:00,20.43,40.27,91.31
2024-02-20 00:00:00,20.05,40.05,92.44
2024-02-20 03:00:00,20.4,39.52,94.37
2024-02-20 06:00:00,21.03,40.1,91.78
2024-02-20 09:00:00,20.77,39.71,94.34
2024-02-20 12:00:00,20.35,39.99,94.91
2024-02-20 15:00:00,21.3,40.34,89.03
2024-02-20 18:00:00,20.08,39.82,94.22
2024-02-20 21:00:00,21.45,39.56,91.1
2024-02-21 00:00:00,21.59,40.47,94.56
2024-02-21 03:00:00,20.7,39.81,93.04
2024-02-21 06:00:00,20.32,40.0,93.26
2024-02-21 09:00:00,21.67,39.75,94.19
2024-02-21 12:00:00,21.81,39.98,91.75
2024-02-21 15:00:00,20.26,39.82,89.11
2024-02-21 18:00:00,21.72,40.5,91.15
2024-02-21 21:00:00,20.03,40.13,92.71
2024-02-22 00:00:00,20.53,40.27,92.88
2024-02-22 03:00:00,21.16,39.97,92.57
2024-02-22 06:00:00,20.68,39.71,92.9
2024-02-22 09:00:00,20.68,39.99,90.54
2024-02-22 12:00:00,20.01,40.07,92.35
2024-02-22 15:00:00,21.36,39.57,93.98
2024-02-22 18:00:00,20.54,39.66,89.82
2024-02-22 21:00:00,20.87,40.06,94.78
2024-02-23 00:00:00,20.22,39.92,92.83
2024-02-23 03:00:00,21.9,40.27,90.13
2024-02-23 06:00:00,21.63,40.01,89.86
2024-02-23 09:00:00,21.24,39.57,92.05
2024-02-23 12:00:00,21.95,39.94,91.05
2024-02-23 15:00:00,21.03,40.09,90.64
2024-02-23 18:00:00,21.8,39.99,91.41
2024-02-23 21:00:00,21.58,39.79,93.93
2024-02-24 00:00:00,21.97,40.12,90.93
2024-02-24 03:00:00,21.98,40.06,91.13
2024-02-24 06:00:00,20.49,39.58,91.04
2024-02-24 09:00:00,21.08,39.8,91.58
2024-02-24 12:00:00,21.64,40.45,93.77
2024-02-24 15:00:00,21.43,39.9,90.24
2024-02-24 18:00:00,20.41,39.99,94.46
2024-02-24 21:00:00,20.05,40.09,92.47
2024-02-25 00:00:00,20.61,40.44,89.26
2024-02-25 03:00:00,21.38,39.92,94.71
2024-02-25 06:00:00,21.93,40.18,92.51
2024-02-25 09:00:00,21.64,39.84,93.01
2024-02-25 12:00:00,21.5,39.7,94.42
2024-02-25 15:00:00,21.36,40.43,90.1
2024-02-25 18:00:00,20.6,40.1,89.06
2024-02-25 21:00:00,21.74,39.56,90.88
2024-02-26 00:00:00,21.74,39.83,89.86
2024-02-26 03:00:00,21.8,40.31,91.53
2024-02-26 06:00:00,20.0,40.46,93.86
2024-02-26 09:00:00,20.76,40.17,91.79
2024-02-26 12:00:00,20.09,40.31,90.82
2024-02-26 15:00:00,21.59,39.83,92.23
2024-02-26 18:00:00,20.12,40.43,93.91
2024-02-26 21:00:00,20.2,39.8,92.31
2024-02-27 00:00:00,20.03,39.82,92.69
2024-02-27 03:00:00,20.48,40.06,90.88
2024-02-27 06:00:00,21.23,40.39,91.08
2024-02-27 09:00:00,21.31,40.06,94.13
2024-02-27 12:00:00,20.88,40.29,90.29
2024-02-27 15:00:00,21.84,39.79,90.16
2024-02-27 18:00:00,21.47,39.7,94.77
2024-02-27 21:00:00,20.76,40.27,90.65
2024-02-28 00:00:00,21.05,40.48,94.83
2024-02-28 03:00:00,20.69,39.88,90.55
2024-02-28 06:00:00,20.61,39.95,93.29
2024-02-28 09:00:00,20.58,40.21,90.57
2024-02-28 12:00:00,21.62,39.86,89.27
2024-02-28 15:00:00,21.47,40.42,91.59
2024-02-28 18:00:00,20.05,40.33,90.96
2024-02-28 21:00:00,22.0,40.39,94.96
2024-02-29 00:00:00,21.77,40.39,90.6
2024-02-29 03:00:00,21.18,39.51,94.91
2024-02-29 06:00:00,21.09,39.53,90.54
2024-02-29 09:00:00,21.91,39.62,92.05
2024-02-29 12:00:00,21.95,39.6,92.08
2024-02-29 15:00:00,20.69,40.29,94.48
2024-02-29 18:00:00,20.32,40.28,93.28
2024-02-29 21:00:00,20.1,40.42,91.61
2024-03-01 00:00:00,20.6,40.34,90.09
2024-03-01 03:00:00,20.46,40.02,94.39
2024-03-01 06:00:00,20.65,40.2,94.58
2024-03-01 09:00:00,20.12,40.2,93.22
2024-03-01 12:00:00,21.75,39.86,89.39
2024-03-01 15:00:00,20.34,40.4,92.78
2024-03-01 18:00:00,21.59,40.49,91.05
2024-03-01 21:00:00,20.78,40.04,92.92
2024-03-02 00:00:00,20.15,39.75,89.44
2024-03-02 03:00:00,20.97,39.77,93.52
2024-03-02 06:00:00,21.27,39.9,90.51
2024-03-02 09:00:00,21.82,40.08,93.78
2024-03-02 12:00:00,20.05,39.5,89.55
2024-03-02 15:00:00,21.19,39.98,94.04
2024-03-02 18:00:00,21.35,39.83,94.92
2024-03-02 21:00:00,20.2,40.42,89.05
2024-03-03 00:00:00,21.57,39.61,89.32
2024-03-03 03:00:00,21.67,39.51,89.87
2024-03-03 06:00:00,21.09,40.46,93.23
2024-03-03 09:00:00,21.52,39.63,90.73
2024-03-03 12:00:00,21.19,39.89,94.56
2024-03-03 15:00:00,20.55,39.89,94.57
2024-03-03 18:00:00,20.78,39.52,89.93
2024-03-03 21:00:00,20.45,39.76,94.52
2024-03-04 00:00:00,20.27,40.02,89.66
2024-03-04 03:00:00,21.1,40.05,91.8
2024-03-04 06:00:00,20.15,39.66,94.39
2024-03-04 09:00:00,20.25,40.34,92.06
2024-03-04 12:00:00,20.38,40.2,94.75
2024-03-04 15:00:00,20.88,39.68,89.46
2024-03-04 18:00:00,20.19,39.86,91.8
2024-03-04 21:00:00,20.79,39.73,94.4
2024-03-05 00:00:00,20.95,39.51,94.67
2024-03-05 03:00:00,21.57,39.53,94.48
2024-03-05 06:00:00,20.54,39.74,89.27
2024-03-05 09:00:00,21.16,39.8,91.08
2024-03-05 12:00:00,21.69,39.6,90.06
2024-03-05 15:00:00,20.4,40.41,89.71
2024-03-05 18:00:00,21.2,39.72,91.5
2024-03-05 21:00:00,21.55,39.55,91.18
2024-03-06 00:00:00,21.21,40.28,91.31
2024-03-06 03:00:00,21.53,39.95,93.19
2024-03-06 06:00:00,21.93,40.09,93.88
2024-03-06 09:00:00,20.3,39.54,93.88
2024-03-06 12:00:00,20.31,40.12,94.79
2024-03-06 15:00:00,21.76,40.11,90.37
2024-03-06 18:00:00,20.8,39.79,92.35
2024-03-06 21:00:00,21.28,40.28,92.59
2024-03-07 00:00:00,20.29,40.32,92.51
2024-03-07 03:00:00,20.33,39.99,89.11
2024-03-07 06:00:00,21.24,40.07,89.17
2024-03-07 09:00:00,20.65,40.22,92.41
2024-03-07 12:00:00,21.34,39.55,91.13
2024-03-07 15:00:00,21.76,40.37,89.11
2024-03-07 18:00:00,20.48,39.94,90.94
2024-03-07 21:00:00,20.97,39.99,92.35
2024-03-08 00:00:00,20.75,40.48,89.6
2024-03-08 03:00:00,21.26,40.23,94.7
2024-03-08 06:00:00,21.91,39.83,93.09
2024-03-08 09:00:00,20.91,40.13,91.31
2024-03-08 12:00:00,20.92,39.66,94.41
2024-03-08 15:00:00,21.33,40.31,93.3
2024-03-08 18:00:00,20.68,40.3,89.22
2024-03-08 21:00:00,20.23,39.75,89.69
2024-03-09 00:00:00,20.34,39.93,94.11
2024-03-09 03:00:00,20.04,39.92,90.74
2024-03-09 06:00:00,20.43,40.2,94.49
2024-03-09 09:00:00,20.25,39.92,93.58
2024-03-09 12:00:00,20.34,39.77,93.69
2024-03-09 15:00:00,20.5,39.77,93.08
2024-03-09 18:00:00,20.04,39.9,91.85
2024-03-09 21:00:00,21.57,39.72,92.25
2024-03-10 00:00:00,21.25,40.4,89.06
2024-03-10 03:00:00,20.76,40.04,94.44
2024-03-10 06:00:00,21.78,39.64,94.2
2024-03-10 09:00:00,21.46,39.95,90.28
2024-03-10 12:00:00,20.4,39.87,93.77
2024-03-10 15:00:00,20.75,39.57,90.78
2024-03-10 18:00:00,21.33,39.89,90.9
2024-03-10 21:00:00,21.59,39.76,91.89
2024-03-11 00:00:00,20.37,39.51,90.88
2024-03-11 03:00:00,21.18,40.2,91.42
2024-03-11 06:00:00,20.84,40.0,90.07
2024-03-11 09:00:00,20.53,40.1,89.01
2024-03-11 12:00:00,21.16,39.69,90.35
2024-03-11 15:00:00,20.54,40.33,95.0
2024-03-11 18:00:00,21.74,39.66,93.79
2024-03-11 21:00:00,20.47,40.43,90.83
2024-03-12 00:00:00,21.98,40.44,89.8
2024-03-12 03:00:00,21.04,39.63,92.15
2024-03-12 06:00:00,21.03,39.99,92.25
2024-03-12 09:00:00,21.77,39.97,92.75
2024-03-12 12:00:00,20.4,40.12,91.45
2024-03-12 15:00:00,20.91,40.41,90.26
2024-03-12 18:00:00,21.14,39.91,89.22
2024-03-12 21:00:00,21.91,40.01,92.25
2024-03-13 00:00:00,21.89,40.04,93.59
2024-03-13 03:00:00,20.59,39.86,94.04
2024-03-13 06:00:00,20.62,39.72,93.44
2024-03-13 09:00:00,20.92,40.4,89.71
2024-03-13 12:00:00,20.83,39.51,91.3
2024-03-13 15:00:00,21.33,39.89,90.68
2024-03-13 18:00:00,21.32,40.14,91.48
2024-03-13 21:00:00,21.37,40.29,94.86
2024-03-14 00:00:00,20.98,40.28,94.78
2024-03-14 03:00:00,20.21,39.63,90.67
2024-03-14 06:00:00,20.32,40.17,89.71
2024-03-14 09:00:00,21.78,39.94,93.92
2024-03-14 12:00:00,20.26,40.0,93.07
2024-03-14 15:00:00,20.07,39.74,92.01
2024-03-14 18:00:00,20.97,40.09,94.7
2024-03-14 21:00:00,21.01,39.79,90.03
2024-03-15 00:00:00,20.61,39.8,93.47
2024-03-15 03:00:00,21.38,40.14,90.18
2024-03-15 06:00:00,21.68,39.89,94.6
2024-03-15 09:00:00,20.74,39.65,90.42
2024-03-15 12:00:00,21.92,39.55,90.77
2024-03-15 15:00:00,20.26,40.04,93.58
2024-03-15 18:00:00,21.97,39.87,94.08
2024-03-15 21:00:00,21.11,39.55,90.63
2024-03-16 00:00:00,21.86,39.81,91.64
2024-03-16 03:00:00,21.44,40.2,94.7
2024-03-16 06:00:00,21.61,40.0,93.46
2024-03-16 09:00:00,21.78,39.89,89.89
2024-03-16 12:00:00,20.61,40.4,91.07
2024-03-16 15:00:00,21.0,40.29,91.25
2024-03-16 18:00:00,21.92,40.5,91.85
2024-03-16 21:00:00,21.39,40.48,90.4
2024-03-17 00:00:00,21.0,39.64,93.26
2024-03-17 03:00:00,20.11,39.59,94.76
2024-03-17 06:00:00,20.05,39.88,92.92
2024-03-17 09:00:00,21.99,39.67,93.6
2024-03-17 12:00:00,21.2,39.62,93.41
2024-03-17 15:00:00,21.8,40.29,91.59
2024-03-17 18:00:00,21.1,39.66,91.08
2024-03-17 21:00:00,21.8,40.26,90.57
2024-03-18 00:00:00,20.8,40.14,91.33
2024-03-18 03:00:00,21.78,40.28,93.81
2024-03-18 06:00:00,20.55,39.69,93.91
2024-03-18 09:00:00,20.98,40.0,94.43
2024-03-18 12:00:00,20.22,39.6,93.42
2024-03-18 15:00:00,21.75,40.05,90.94
2024-03-18 18:00:00,20.65,39.71,91.37
2024-03-18 21:00:00,21.39,40.26,90.52
2024-03-19 00:00:00,20.03,39.75,92.38
2024-03-19 03:00:00,20.51,39.67,89.45
2024-03-19 06:00:00,21.17,39.96,92.74
2024-03-19 09:00:00,21.11,39.62,93.95
2024-03-19 12:00:00,20.99,39.6,94.34
2024-03-19 15:00:00,21.53,40.39,94.41
2024-03-19 18:00:00,20.38,40.33,92.95
2024-03-19 21:00:00,20.26,40.19,89.48
2024-03-20 00:00:00,20.14,39.9,89.27
2024-03-20 03:00:00,21.68,39.98,91.91
2024-03-20 06:00:00,20.87,39.81,93.01
2024-03-20 09:00:00,20.24,40.24,93.95
2024-03-20 12:00:00,20.9,39.79,92.78
2024-03-20 15:00:00,21.65,40.02,91.04
2024-03-20 18:00:00,21.31,39.73,91.5
2024-03-20 21:00:00,21.46,40.07,91.53
2024-03-21 00:00:00,21.38,40.47,89.76
2024-03-21 03:00:00,20.59,40.36,90.78
2024-03-21 06:00:00,21.72,39.78,94.6
2024-03-21 09:00:00,20.54,40.2,93.36
2024-03-21 12:00:00,21.37,39.87,92.86
2024-03-21 15:00:00,20.05,40.22,91.51
2024-03-21 18:00:00,21.02,39.69,94.6
2024-03-21 21:00:00,20.9,40.11,94.97
2024-03-22 00:00:00,21.75,39.64,93.24
2024-03-22 03:00:00,21.82,40.18,93.01
2024-03-22 06:00:00,20.09,39.92,94.46
2024-03-22 09:00:00,21.65,40.05,90.89
2024-03-22 12:00:00,21.86,40.27,89.35
2024-03-22 15:00:00,20.4,40.3,94.12
2024-03-22 18:00:00,21.54,39.52,89.13
2024-03-22 21:00:00,21.53,39.54,92.45
2024-03-23 00:00:00,20.35,39.57,92.5
2024-03-23 03:00:00,21.16,40.03,91.66
2024-03-23 06:00:00,20.19,40.23,92.26
2024-03-23 09:00:00,21.4,40.37,93.86
2024-03-23 12:00:00,20.87,39.88,94.4
2024-03-23 15:00:00,20.95,39.84,90.25
2024-03-23 18:00:00,21.29,40.42,91.75
2024-03-23 21:00:00,21.55,40.46,90.14
2024-03-24 00:00:00,21.28,39.74,90.19
2024-03-24 03:00:00,20.37,39.62,92.6
2024-03-24 06:00:00,20.6,39.52,94.07
2024-03-24 09:00:00,20.9,39.99,93.44
2024-03-24 12:00:00,21.39,40.12,90.99
2024-03-24 15:00:00,21.56,40.02,92.17
2024-03-24 18:00:00,20.12,40.06,89.75
2024-03-24 21:00:00,20.88,39.66,91.69
2024-03-25 00:00:00,21.19,39.59,89.12
2024-03-25 03:00:00,21.37,39.79,92.9
2024-03-25 06:00:00,20.48,39.71,92.82
2024-03-25 09:00:00,21.44,39.68,93.81
2024-03-25 12:00:00,21.85,39.98,90.03
2024-03-25 15:00:00,21.71,39.52,92.1
2024-03-25 18:00:00,20.19,39.98,91.48
2024-03-25 21:00:00,20.91,40.24,89.69
2024-03-26 00:00:00,21.04,40.08,94.11
2024-03-26 03:00:00,21.48,39.85,89.53
2024-03-26 06:00:00,20.26,39.73,91.55
2024-03-26 09:00:00,21.46,39.88,90.8
2024-03-26 12:00:00,20.22,39.53,94.96
2024-03-26 15:00:00,20.46,39.52,89.09
2024-03-26 18:00:00,20.02,40.39,91.51
2024-03-26 21:00:00,20.3,40.07,92.89
2024-03-27 00:00:00,20.01,40.31,90.11
2024-03-27 03:00:00,20.89,40.39,93.17
2024-03-27 06:00:00,21.62,40.36,92.7
2024-03-27 09:00:00,21.22,40.0,91.75
2024-03-27 12:00:00,21.1,40.21,93.99
2024-03-27 15:00:00,21.76,39.76,89.97
2024-03-27 18:00:00,21.29,40.42,94.31
2024-03-27 21:00:00,21.7,40.49,92.69
2024-03-28 00:00:00,20.15,39.85,94.71
2024-03-28 03:00:00,21.63,40.04,91.87
2024-03-28 06:00:00,21.64,40.31,90.66
2024-03-28 09:00:00,21.67,40.36,93.46
2024-03-28 12:00:00,21.64,40.05,90.72
2024-03-28 15:00:00,21.61,40.41,91.93
2024-03-28 18:00:00,20.31,40.2,93.23
2024-03-28 21:00:00,20.11,40.33,90.4
2024-03-29 00:00:00,21.52,39.89,92.02
2024-03-29 03:00:00,20.29,39.84,89.65
2024-03-29 06:00:00,21.72,40.38,92.26
2024-03-29 09:00:00,21.81,39.85,91.97
2024-03-29 12:00:00,21.46,40.33,91.55
2024-03-29 15:00:00,20.77,39.82,90.54
2024-03-29 18:00:00,21.86,39.7,93.9
2024-03-29 21:00:00,20.01,40.33,94.4
2024-03-30 00:00:00,20.43,40.24,90.34
2024-03-30 03:00:00,20.27,40.45,92.7
2024-03-30 06:00:00,21.7,39.72,92.14
2024-03-30 09:00:00,20.94,40.46,94.01
2024-03-30 12:00:00,20.01,40.26,92.05
2024-03-30 15:00:00,21.95,40.32,91.03
2024-03-30 18:00:00,21.2,40.32,91.38
2024-03-30 21:00:00,21.97,39.52,92.73
2024-03-31 00:00:00,21.91,40.05,90.79
2024-03-31 03:00:00,20.67,40.39,89.61
2024-03-31 06:00:00,21.66,40.0,89.53
2024-03-31 09:00:00,20.65,40.29,94.2
2024-03-31 12:00:00,21.33,39.74,90.42
2024-03-31 15:00:00,20.43,39.79,94.43
2024-03-31 18:00:00,21.62,40.23,91.87
2024-03-31 21:00:00,21.1,39.96,90.85
2024-04-01 00:00:00,20.21,40.24,90.83
2024-04-01 03:00:00,20.01,39.61,93.77
2024-04-01 06:00:00,21.35,39.89,91.74
2024-04-01 09:00:00,20.65,39.75,95.0
2024-04-01 12:00:00,20.21,39.94,92.4
2024-04-01 15:00:00,21.18,40.27,91.48
2024-04-01 18:00:00,21.56,40.21,94.75
2024-04-01 21:00:00,20.61,40.36,92.0
2024-04-02 00:00:00,20.2,39.8,93.52
2024-04-02 03:00:00,20.49,40.04,90.17
2024-04-02 06:00:00,20.84,39.54,91.68
2024-04-02 09:00:00,21.96,40.47,92.56
2024-04-02 12:00:00,20.98,39.58,93.26
2024-04-02 15:00:00,21.86,39.83,93.13
2024-04-02 18:00:00,20.18,39.72,92.43
2024-04-02 21:00:00,21.04,40.02,90.87
2024-04-03 00:00:00,20.82,40.45,91.85
2024-04-03 03:00:00,20.78,40.47,91.79
2024-04-03 06:00:00,20.79,39.73,89.99
2024-04-03 09:00:00,21.9,39.59,92.07
2024-04-03 12:00:00,21.58,40.47,92.72
2024-04-03 15:00:00,21.14,40.36,91.4
2024-04-03 18:00:00,20.75,39.86,89.19
2024-04-03 21:00:00,20.52,40.5,90.3
2024-04-04 00:00:00,20.21,39.7,90.78
2024-04-04 03:00:00,21.39,39.91,89.84
2024-04-04 06:00:00,20.36,40.0,93.21
2024-04-04 09:00:00,21.07,40.41,92.42
2024-04-04 12:00:00,21.38,39.9,90.89
2024-04-04 15:00:00,21.81,40.35,89.76
2024-04-04 18:00:00,20.74,40.48,91.48
2024-04-04 21:00:00,20.65,40.19,94.83
2024-04-05 00:00:00,21.7,39.7,94.63
2024-04-05 03:00:00,21.45,40.0,92.79
2024-04-05 06:00:00,21.31,40.46,90.52
2024-04-05 09:00:00,21.53,39.51,91.38
2024-04-05 12:00:00,20.87,40.22,94.14
2024-04-05 15:00:00,20.88,39.95,91.72
2024-04-05 18:00:00,21.73,39.58,89.99
2024-04-05 21:00:00,21.48,39.86,91.54
2024-04-06 00:00:00,21.89,40.25,91.19
2024-04-06 03:00:00,20.9,40.2,93.17
2024-04-06 06:00:00,21.19,39.77,91.08
2024-04-06 09:00:00,21.24,40.02,92.47
2024-04-06 12:00:00,21.03,39.52,94.9
2024-04-06 15:00:00,20.44,40.07,91.9
2024-04-06 18:00:00,21.16,39.57,94.67
2024-04-06 21:00:00,21.62,39.6,90.68
2024-04-07 00:00:00,20.45,39.97,90.43
2024-04-07 03:00:00,21.14,40.47,91.49
2024-04-07 06:00:00,20.93,40.19,89.51
2024-04-07 09:00:00,20.15,39.71,89.23
2024-04-07 12:00:00,20.17,40.41,94.33
2024-04-07 15:00:00,21.98,39.87,92.08
2024-04-07 18:00:00,21.96,39.6,92.2
2024-04-07 21:00:00,20.87,40.23,90.47
2024-04-08 00:00:00,20.22,40.27,91.39
2024-04-08 03:00:00,21.53,40.38,91.21
2024-04-08 06:00:00,21.4,40.25,93.09
2024-04-08 09:00:00,20.59,39.66,89.32
2024-04-08 12:00:00,21.69,40.43,91.89
2024-04-08 15:00:00,21.44,39.62,89.06
2024-04-08 18:00:00,20.1,40.09,92.06
2024-04-08 21:00:00,20.62,39.66,92.57
2024-04-09 00:00:00,21.6,39.86,91.96
2024-04-09 03:00:00,20.45,39.81,89.12
2024-04-09 06:00:00,20.59,40.06,89.91
2024-04-09 09:00:00,21.87,39.89,90.01
2024-04-09 12:00:00,21.58,39.71,93.57
2024-04-09 15:00:00,21.22,39.9,94.56
2024-04-09 18:00:00,21.57,40.02,91.17
2024-04-09 21:00:00,20.48,40.43,92.11
2024-04-10 00:00:00,21.05,39.73,94.92
2024-04-10 03:00:00,21.72,40.09,90.7
2024-04-10 06:00:00,21.11,40.4,90.03
2024-04-10 09:00:00,21.17,40.25,90.87
2024-04-10 12:00:00,20.02,40.26,90.92
2024-04-10 15:00:00,21.52,39.96,91.25
2024-04-10 18:00:00,20.53,40.25,89.61
2024-04-10 21:00:00,21.48,40.33,89.3
2024-04-11 00:00:00,20.7,39.69,91.07
2024-04-11 03:00:00,21.24,40.21,92.54
2024-04-11 06:00:00,20.85,39.82,92.78
2024-04-11 09:00:00,21.64,39.6,94.37
2024-04-11 12:00:00,20.89,39.71,92.23
2024-04-11 15:00:00,21.4,39.67,90.53
2024-04-11 18:00:00,20.07,39.89,94.41
2024-04-11 21:00:00,21.43,40.4,89.9
2024-04-12 00:00:00,20.18,39.53,92.9
2024-04-12 03:00:00,20.17,39.55,90.63
2024-04-12 06:00:00,20.2,40.4,92.7
2024-04-12 09:00:00,21.66,39.69,91.22
2024-04-12 12:00:00,20.52,39.95,90.37
2024-04-12 15:00:00,20.33,40.45,92.23
2024-04-12 18:00:00,21.04,39.58,91.41
2024-04-12 21:00:00,21.87,40.36,89.13
2024-04-13 00:00:00,20.97,40.38,94.76
2024-04-13 03:00:00,20.43,39.69,91.43
2024-04-13 06:00:00,20.95,40.18,91.31
2024-04-13 09:00:00,21.28,39.76,91.05
2024-04-13 12:00:00,20.55,40.49,89.97
2024-04-13 15:00:00,20.39,39.89,89.73
2024-04-13 18:00:00,20.51,39.9,92.62
2024-04-13 21:00:00,21.49,39.57,94.58
2024-04-14 00:00:00,21.92,40.04,91.59
2024-04-14 03:00:00,20.87,40.1,91.05
2024-04-14 06:00:00,20.34,39.87,91.7
2024-04-14 09:00:00,20.41,40.17,90.91
2024-04-14 12:00:00,21.63,39.81,90.07
2024-04-14 15:00:00,20.63,40.22,91.45
2024-04-14 18:00:00,21.74,40.47,90.22
2024-04-14 21:00:00,20.71,39.53,94.78
2024-04-15 00:00:00,20.13,39.82,92.89
2024-04-15 03:00:00,20.03,40.47,93.48
2024-04-15 06:00:00,20.25,40.33,89.5
2024-04-15 09:00:00,21.09,40.44,94.12
2024-04-15 12:00:00,20.43,39.81,92.99
2024-04-15 15:00:00,20.49,40.28,91.47
2024-04-15 18:00:00,20.11,39.55,90.47
2024-04-15 21:00:00,21.77,40.19,93.09
2024-04-16 00:00:00,20.04,40.18,90.64
2024-04-16 03:00:00,21.01,40.08,93.0
2024-04-16 06:00:00,21.42,40.28,91.45
2024-04-16 09:00:00,21.75,39.59,92.87
2024-04-16 12:00:00,20.61,39.69,94.12
2024-04-16 15:00:00,21.84,39.55,93.02
2024-04-16 18:00:00,20.37,40.5,94.23
2024-04-16 21:00:00,21.33,39.82,94.11
2024-04-17 00:00:00,21.69,40.21,90.11
2024-04-17 03:00:00,20.73,40.11,94.34
2024-04-17 06:00:00,20.2,40.41,90.74
2024-04-17 09:00:00,20.23,39.77,91.3
2024-04-17 12:00:00,21.01,40.35,89.31
2024-04-17 15:00:00,21.37,40.36,92.13
2024-04-17 18:00:00,20.43,40.0,91.89
2024-04-17 21:00:00,20.04,39.53,93.17
2024-04-18 00:00:00,20.15,40.07,90.57
2024-04-18 03:00:00,20.71,40.29,90.79
2024-04-18 06:00:00,21.1,39.94,94.66
2024-04-18 09:00:00,21.93,40.22,91.53
2024-04-18 12:00:00,20.22,40.12,92.15
2024-04-18 15:00:00,20.68,40.43,92.47
2024-04-18 18:00:00,20.08,40.19,90.57
2024-04-18 21:00:00,21.57,39.62,93.77
2024-04-19 00:00:00,21.43,39.57,94.91
2024-04-19 03:00:00,20.34,39.58,89.12
2024-04-19 06:00:00,21.73,40.4,92.5
2024-04-19 09:00:00,20.49,39.92,90.65
2024-04-19 12:00:00,21.8,40.4,94.81
2024-04-19 15:00:00,21.13,39.93,93.96
2024-04-19 18:00:00,20.48,40.13,90.13
2024-04-19 21:00:00,20.01,39.92,90.83
2024-04-20 00:00:00,21.92,40.13,92.72
2024-04-20 03:00:00,21.37,40.06,90.93
2024-04-20 06:00:00,20.16,39.82,93.52
2024-04-20 09:00:00,21.4,39.56,92.04
2024-04-20 12:00:00,21.8,40.1,94.1
2024-04-20 15:00:00,20.96,39.65,94.07
2024-04-20 18:00:00,21.93,40.31,89.08
2024-04-20 21:00:00,21.68,40.12,94.32
2024-04-21 00:00:00,21.71,39.75,89.72
2024-04-21 03:00:00,21.5,40.11,93.86
2024-04-21 06:00:00,20.81,40.05,92.0
2024-04-21 09:00:00,21.71,40.07,93.47
2024-04-21 12:00:00,21.04,39.97,93.81
2024-04-21 15:00:00,21.69,40.2,93.73
2024-04-21 18:00:00,21.45,40.12,89.42
2024-04-21 21:00:00,21.26,40.06,90.4
2024-04-22 00:00:00,21.02,39.51,89.3
2024-04-22 03:00:00,21.14,40.07,91.35
2024-04-22 06:00:00,20.12,40.28,92.94
2024-04-22 09:00:00,20.14,40.4,91.07
2024-04-22 12:00:00,20.83,40.27,90.8
2024-04-22 15:00:00,21.73,40.42,94.46
2024-04-22 18:00:00,21.52,39.83,91.8
2024-04-22 21:00:00,21.47,39.67,93.13
2024-04-23 00:00:00,20.87,39.58,90.24
2024-04-23 03:00:00,20.33,40.48,94.94
2024-04-23 06:00:00,20.63,39.65,90.87
2024-04-23 09:00:00,20.77,39.99,94.93
2024-04-23 12:00:00,21.13,39.56,94.5
2024-04-23 15:00:00,20.41,39.76,92.94
2024-04-23 18:00:00,20.35,40.02,93.1
2024-04-23 21:00:00,20.13,39.95,93.72
2024-04-24 00:00:00,20.98,39.95,90.2
2024-04-24 03:00:00,21.37,40.47,90.11
2024-04-24 06:00:00,21.27,39.94,89.7
2024-04-24 09:00:00,20.85,40.01,93.77
2024-04-24 12:00:00,20.31,39.69,89.11
2024-04-24 15:00:00,21.85,39.9,90.58
2024-04-24 18:00:00,21.05,40.19,91.77
2024-04-24 21:00:00,21.53,39.53,91.34
2024-04-25 00:00:00,21.08,39.99,90.54
2024-04-25 03:00:00,21.46,39.96,89.79
2024-04-25 06:00:00,21.15,40.33,89.63
2024-04-25 09:00:00,20.38,40.49,93.66
2024-04-25 12:00:00,20.67,40.2,91.67
2024-04-25 15:00:00,21.85,40.03,90.51
2024-04-25 18:00:00,21.96,40.22,90.92
2024-04-25 21:00:00,20.96,39.87,92.91
2024-04-26 00:00:00,21.23,40.48,91.8
2024-04-26 03:00:00,21.09,40.26,90.18
2024-04-26 06:00:00,21.06,40.09,94.31
2024-04-26 09:00:00,20.76,40.49,90.14
2024-04-26 12:00:00,20.31,40.04,89.35
2024-04-26 15:00:00,21.1,40.02,92.73
2024-04-26 18:00:00,20.21,40.19,93.98
2024-04-26 21:00:00,21.54,40.15,91.31
2024-04-27 00:00:00,21.79,39.81,94.35
2024-04-27 03:00:00,20.48,40.08,91.92
2024-04-27 06:00:00,21.65,40.31,90.52
2024-04-27 09:00:00,21.1,40.21,89.88
2024-04-27 12:00:00,21.13,40.49,93.41
2024-04-27 15:00:00,21.95,40.42,89.43
2024-04-27 18:00:00,20.55,39.6,89.31
2024-04-27 21:00:00,20.86,39.67,93.92
2024-04-28 00:00:00,20.1,39.58,91.81
2024-04-28 03:00:00,21.68,39.51,92.26
2024-04-28 06:00:00,21.62,39.76,93.32
2024-04-28 09:00:00,21.64,40.4,90.17
2024-04-28 12:00:00,21.96,39.81,94.3
2024-04-28 15:00:00,20.75,40.13,92.97
2024-04-28 18:00:00,20.26,39.62,93.29
2024-04-28 21:00:00,21.41,39.87,93.5
2024-04-29 00:00:00,21.81,40.23,90.31
2024-04-29 03:00:00,20.37,40.27,91.92
2024-04-29 06:00:00,20.51,39.71,92.69
2024-04-29 09:00:00,21.82,39.73,89.49
2024-04-29 12:00:00,20.2,39.55,94.41
2024-04-29 15:00:00,20.75,39.81,89.81
2024-04-29 18:00:00,21.35,39.71,90.58
2024-04-29 21:00:00,20.21,40.26,89.8
2024-04-30 00:00:00,21.23,39.9,89.37
2024-04-30 03:00:00,21.44,40.02,93.59
2024-04-30 06:00:00,21.22,39.59,89.66
2024-04-30 09:00:00,21.04,40.49,90.46
2024-04-30 12:00:00,21.79,40.25,92.74
2024-04-30 15:00:00,21.72,39.96,93.41
2024-04-30 18:00:00,20.78,39.98,92.8
2024-04-30 21:00:00,20.95,39.71,91.44
2024-05-01 00:00:00,21.88,40.31,89.44
2024-05-01 03:00:00,20.64,40.02,90.08
2024-05-01 06:00:00,21.82,39.86,90.94
2024-05-01 09:00:00,20.61,40.05,94.99
2024-05-01 12:00:00,20.34,39.6,91.26
2024-05-01 15:00:00,20.75,40.0,89.83
2024-05-01 18:00:00,20.17,40.17,93.06
2024-05-01 21:00:00,20.79,39.63,89.49
2024-05-02 00:00:00,20.7,39.77,91.93
2024-05-02 03:00:00,20.84,40.16,94.74
2024-05-02 06:00:00,21.47,40.07,90.22
2024-05-02 09:00:00,21.83,39.66,93.02
2024-05-02 12:00:00,21.39,40.09,91.29
2024-05-02 15:00:00,21.4,39.82,90.04
2024-05-02 18:00:00,21.15,40.19,90.02
2024-05-02 21:00:00,21.48,39.62,89.8
2024-05-03 00:00:00,21.45,40.25,94.0
2024-05-03 03:00:00,20.96,40.42,94.22
2024-05-03 06:00:00,21.77,40.03,89.89
2024-05-03 09:00:00,21.89,39.77,89.87
2024-05-03 12:00:00,20.37,39.81,94.57
2024-05-03 15:00:00,20.35,39.8,92.83
2024-05-03 18:00:00,20.41,40.27,93.27
2024-05-03 21:00:00,20.29,39.62,94.51
2024-05-04 00:00:00,21.28,40.01,93.66
2024-05-04 03:00:00,21.46,39.57,91.65
2024-05-04 06:00:00,20.77,39.58,91.63
2024-05-04 09:00:00,20.04,40.47,89.71
2024-05-04 12:00:00,20.47,40.03,89.24
2024-05-04 15:00:00,20.28,39.67,89.88
2024-05-04 18:00:00,21.69,39.77,90.83
2024-05-04 21:00:00,20.31,39.84,92.68
2024-05-05 00:00:00,20.67,40.08,90.87
2024-05-05 03:00:00,20.49,40.44,94.6
2024-05-05 06:00:00,20.54,39.76,93.45
2024-05-05 09:00:00,21.83,40.3,89.71
2024-05-05 12:00:00,20.15,39.97,90.39
2024-05-05 15:00:00,20.95,39.94,91.75
2024-05-05 18:00:00,21.36,40.14,89.24
2024-05-05 21:00:00,21.91,40.45,92.32
2024-05-06 00:00:00,21.11,39.55,90.61
2024-05-06 03:00:00,21.31,40.03,91.38
2024-05-06 06:00:00,21.65,39.96,92.87
2024-05-06 09:00:00,21.98,39.64,92.36
2024-05-06 12:00:00,21.78,40.33,90.76
2024-05-06 15:00:00,20.35,39.99,91.6
2024-05-06 18:00:00,21.86,40.27,90.02
2024-05-06 21:00:00,20.8,40.37,91.63
2024-05-07 00:00:00,21.01,40.27,94.36
2024-05-07 03:00:00,20.97,39.92,89.62
2024-05-07 06:00:00,20.23,40.22,90.02
2024-05-07 09:00:00,21.56,39.77,91.85
2024-05-07 12:00:00,20.12,40.25,91.82
2024-05-07 15:00:00,20.41,39.82,94.22
2024-05-07 18:00:00,21.19,39.63,89.12
2024-05-07 21:00:00,21.71,40.49,91.58
2024-05-08 00:00:00,20.23,40.49,90.42
2024-05-08 03:00:00,21.01,39.81,94.1
2024-05-08 06:00:00,20.14,40.07,93.85
2024-05-08 09:00:00,20.83,39.89,90.06
2024-05-08 12:00:00,20.55,40.28,91.54
2024-05-08 15:00:00,20.31,40.06,94.9
2024-05-08 18:00:00,21.72,39.96,94.44
2024-05-08 21:00:00,21.29,39.7,92.49
2024-05-09 00:00:00,20.47,39.91,90.39
2024-05-09 03:00:00,21.87,39.51,91.63
2024-05-09 06:00:00,21.16,39.76,89.6
2024-05-09 09:00:00,20.59,40.37,91.86
2024-05-09 12:00:00,20.08,40.11,93.06
2024-05-09 15:00:00,21.64,40.43,93.64
2024-05-09 18:00:00,20.3,40.13,90.93
2024-05-09 21:00:00,20.49,40.39,90.95
2024-05-10 00:00:00,21.72,39.83,94.53
2024-05-10 03:00:00,21.82,40.13,90.69
2024-05-10 06:00:00,21.56,40.43,91.28
2024-05-10 09:00:00,20.15,40.41,91.47
2024-05-10 12:00:00,20.11,40.13,89.14
2024-05-10 15:00:00,21.95,39.75,90.84
2024-05-10 18:00:00,21.41,39.65,91.22
2024-05-10 21:00:00,21.14,40.34,89.03
2024-05-11 00:00:00,21.98,40.3,94.04
2024-05-11 03:00:00,21.43,39.79,92.43
2024-05-11 06:00:00,20.72,39.65,90.6
2024-05-11 09:00:00,20.82,40.06,94.59
2024-05-11 12:00:00,20.07,39.73,94.54
2024-05-11 15:00:00,20.8,40.24,94.02
2024-05-11 18:00:00,20.71,40.16,91.14
2024-05-11 21:00:00,21.11,40.37,89.6
2024-05-12 00:00:00,20.02,40.17,94.73
2024-05-12 03:00:00,21.24,40.35,94.05
2024-05-12 06:00:00,20.65,40.31,89.97
2024-05-12 09:00:00,21.45,39.84,89.32
2024-05-12 12:00:00,21.14,40.4,93.2
2024-05-12 15:00:00,20.65,39.65,93.28
2024-05-12 18:00:00,21.81,39.75,91.58
2024-05-12 21:00:00,21.85,39.93,90.38
2024-05-13 00:00:00,21.81,39.61,91.84
2024-05-13 03:00:00,21.1,39.96,89.3
2024-05-13 06:00:00,20.74,39.67,91.95
2024-05-13 09:00:00,20.87,39.66,90.28
2024-05-13 12:00:00,20.21,39.74,91.08
2024-05-13 15:00:00,21.72,40.13,91.67
2024-05-13 18:00:00,21.31,39.52,93.58
2024-05-13 21:00:00,21.93,40.43,92.73
2024-05-14 00:00:00,21.65,40.03,94.6
2024-05-14 03:00:00,21.63,39.55,92.77
2024-05-14 06:00:00,21.17,40.35,94.56
2024-05-14 09:00:00,20.55,39.67,92.88
2024-05-14 12:00:00,21.5,40.18,90.73
2024-05-14 15:00:00,20.03,39.81,91.32
2024-05-14 18:00:00,20.03,40.27,94.0
2024-05-14 21:00:00,21.86,39.85,92.34
2024-05-15 00:00:00,21.02,40.27,93.74
2024-05-15 03:00:00,20.11,40.36,93.45
2024-05-15 06:00:00,21.05,40.42,90.16
2024-05-15 09:00:00,21.85,39.77,89.21
2024-05-15 12:00:00,20.24,40.29,93.71
2024-05-15 15:00:00,21.72,40.05,91.74
2024-05-15 18:00:00,21.59,40.25,90.88
2024-05-15 21:00:00,21.73,39.8,90.07
2024-05-16 00:00:00,21.27,40.42,90.15
2024-05-16 03:00:00,20.81,40.16,94.99
2024-05-16 06:00:00,20.44,40.07,94.97
2024-05-16 09:00:00,20.01,40.2,90.99
2024-05-16 12:00:00,21.23,39.5,90.55
2024-05-16 15:00:00,21.45,39.87,89.93
2024-05-16 18:00:00,21.52,40.41,94.48
2024-05-16 21:00:00,20.32,39.83,91.99
2024-05-17 00:00:00,21.0,39.63,89.59
2024-05-17 03:00:00,21.77,39.93,94.88
2024-05-17 06:00:00,20.77,40.02,89.64
2024-05-17 09:00:00,20.03,39.7,93.05
2024-05-17 12:00:00,21.62,39.94,94.36
2024-05-17 15:00:00,20.06,39.87,92.24
2024-05-17 18:00:00,21.4,40.27,94.96
2024-05-17 21:00:00,21.5,40.49,90.6
2024-05-18 00:00:00,21.24,39.58,94.94
2024-05-18 03:00:00,20.03,40.42,89.19
2024-05-18 06:00:00,21.03,40.23,92.11
2024-05-18 09:00:00,21.97,40.03,90.1
2024-05-18 12:00:00,20.72,39.77,89.69
2024-05-18 15:00:00,20.05,40.39,92.05
2024-05-18 18:00:00,21.57,40.02,95.0
2024-05-18 21:00:00,21.11,40.4,94.56
2024-05-19 00:00:00,20.13,40.25,90.64
2024-05-19 03:00:00,20.63,40.39,91.42
2024-05-19 06:00:00,21.31,39.75,94.22
2024-05-19 09:00:00,21.04,39.91,94.52
2024-05-19 12:00:00,21.74,39.69,90.17
2024-05-19 15:00:00,21.27,39.58,89.07
2024-05-19 18:00:00,20.77,40.01,92.24
2024-05-19 21:00:00,21.23,39.9,89.27
2024-05-20 00:00:00,21.69,39.57,94.4
2024-05-20 03:00:00,20.74,39.9,91.07
2024-05-20 06:00:00,21.67,40.29,89.71
2024-05-20 09:00:00,21.29,39.65,90.53
2024-05-20 12:00:00,20.63,40.39,90.57
2024-05-20 15:00:00,20.55,40.37,89.2
2024-05-20 18:00:00,20.57,39.93,94.05
2024-05-20 21:00:00,21.23,40.42,94.17
2024-05-21 00:00:00,20.17,39.75,91.78
2024-05-21 03:00:00,21.92,39.53,93.78
2024-05-21 06:00:00,20.19,40.3,90.66
2024-05-21 09:00:00,20.23,39.93,90.36
2024-05-21 12:00:00,21.56,40.39,92.16
2024-05-21 15:00:00,20.05,40.14,93.84
2024-05-21 18:00:00,21.7,40.38,91.61
2024-05-21 21:00:00,20.64,39.6,90.21
2024-05-22 00:00:00,21.36,40.04,89.18
2024-05-22 03:00:00,21.69,40.36,94.74
2024-05-22 06:00:00,20.17,40.34,94.44
2024-05-22 09:00:00,20.07,40.25,93.72
2024-05-22 12:00:00,21.56,40.35,89.99
2024-05-22 15:00:00,21.18,39.63,93.74
2024-05-22 18:00:00,20.18,40.13,93.21
2024-05-22 21:00:00,20.66,39.76,94.27
2024-05-23 00:00:00,20.87,40.36,89.02
2024-05-23 03:00:00,21.18,40.23,91.23
2024-05-23 06:00:00,20.29,40.05,89.66
2024-05-23 09:00:00,20.12,39.91,93.15
2024-05-23 12:00:00,21.73,40.0,94.05
2024-05-23 15:00:00,21.76,39.61,94.88
2024-05-23 18:00:00,21.46,39.59,90.38
2024-05-23 21:00:00,20.97,39.78,89.76
2024-05-24 00:00:00,20.04,39.87,94.61
2024-05-24 03:00:00,20.85,40.5,91.93
2024-05-24 06:00:00,21.86,39.67,93.39
2024-05-24 09:00:00,20.05,40.02,93.43
2024-05-24 12:00:00,20.21,40.3,93.51
2024-05-24 15:00:00,21.58,39.52,90.81
2024-05-24 18:00:00,21.81,39.73,92.51
2024-05-24 21:00:00,21.99,39.53,93.04
2024-05-25 00:00:00,20.91,40.25,93.74
2024-05-25 03:00:00,20.59,39.61,93.28
2024-05-25 06:00:00,21.72,39.7,94.39
2024-05-25 09:00:00,20.26,40.02,92.95
2024-05-25 12:00:00,21.54,40.25,89.64
2024-05-25 15:00:00,20.87,39.71,93.63
2024-05-25 18:00:00,21.15,40.29,91.08
2024-05-25 21:00:00,20.99,39.58,92.29
2024-05-26 00:00:00,21.51,39.89,93.63
2024-05-26 03:00:00,21.77,39.75,91.09
2024-05-26 06:00:00,21.1,40.11,93.74
2024-05-26 09:00:00,20.82,39.73,92.03
2024-05-26 12:00:00,20.97,39.55,92.13
2024-05-26 15:00:00,21.9,39.62,93.41
2024-05-26 18:00:00,21.26,40.49,93.62
2024-05-26 21:00:00,20.29,40.05,93.13
2024-05-27 00:00:00,20.35,40.45,92.37
2024-05-27 03:00:00,21.28,39.76,89.83
2024-05-27 06:00:00,21.64,40.07,94.01
2024-05-27 09:00:00,21.63,39.57,94.99
2024-05-27 12:00:00,20.92,40.19,93.11
2024-05-27 15:00:00,20.87,39.55,89.78
2024-05-27 18:00:00,20.9,40.01,90.62
2024-05-27 21:00:00,21.39,40.12,90.67
2024-05-28 00:00:00,21.4,39.87,94.36
2024-05-28 03:00:00,20.13,39.56,91.47
2024-05-28 06:00:00,20.96,39.88,92.95
2024-05-28 09:00:00,21.51,40.15,91.26
2024-05-28 12:00:00,21.18,40.05,89.19
2024-05-28 15:00:00,20.94,40.39,91.7
2024-05-28 18:00:00,21.13,40.29,92.63
2024-05-28 21:00:00,20.52,39.68,89.58
2024-05-29 00:00:00,21.8,40.27,90.39
2024-05-29 03:00:00,21.01,39.93,92.5
2024-05-29 06:00:00,20.45,40.47,91.32
2024-05-29 09:00:00,20.45,40.04,92.98
2024-05-29 12:00:00,20.13,40.48,94.73
2024-05-29 15:00:00,20.17,40.21,90.76
2024-05-29 18:00:00,20.11,40.48,94.06
2024-05-29 21:00:00,21.12,40.43,92.18
2024-05-30 00:00:00,21.07,39.92,92.32
2024-05-30 03:00:00,21.39,40.08,89.95
2024-05-30 06:00:00,21.56,39.84,89.95
2024-05-30 09:00:00,21.93,40.47,90.0
2024-05-30 12:00:00,20.37,40.36,94.95
2024-05-30 15:00:00,21.89,39.71,93.83
2024-05-30 18:00:00,20.21,39.91,93.49
2024-05-30 21:00:00,21.55,40.37,90.0
2024-05-31 00:00:00,21.62,40.1,93.98
2024-05-31 03:00:00,21.53,40.38,91.82
2024-05-31 06:00:00,20.03,40.5,92.41
2024-05-31 09:00:00,21.24,39.65,92.62
2024-05-31 12:00:00,21.53,39.86,89.21
2024-05-31 15:00:00,20.3,40.37,92.03
2024-05-31 18:00:00,21.32,39.9,89.61
2024-05-31 21:00:00,20.75,39.72,92.27
2024-06-01 00:00:00,21.13,40.46,90.81
2024-06-01 03:00:00,21.4,40.34,92.86
2024-06-01 06:00:00,21.68,40.29,89.94
2024-06-01 09:00:00,21.54,39.57,91.05
2024-06-01 12:00:00,20.82,40.34,91.92
2024-06-01 15:00:00,21.42,40.16,89.37
2024-06-01 18:00:00,21.43,39.68,92.84
2024-06-01 21:00:00,20.25,39.53,94.22
2024-06-02 00:00:00,20.96,39.65,92.51
2024-06-02 03:00:00,20.48,40.24,89.39
2024-06-02 06:00:00,21.06,40.13,90.02
2024-06-02 09:00:00,21.61,39.65,93.66
2024-06-02 12:00:00,21.66,39.57,91.23
2024-06-02 15:00:00,20.44,40.43,91.67
2024-06-02 18:00:00,21.22,40.46,91.45
2024-06-02 21:00:00,21.15,39.75,93.1
2024-06-03 00:00:00,21.67,39.5,89.02
2024-06-03 03:00:00,21.45,40.15,93.34
2024-06-03 06:00:00,20.01,40.41,91.2
2024-06-03 09:00:00,20.21,39.93,94.11
2024-06-03 12:00:00,20.54,39.62,93.0
2024-06-03 15:00:00,21.18,39.5,94.68
2024-06-03 18:00:00,20.14,39.64,92.03
2024-06-03 21:00:00,21.8,40.14,90.4
2024-06-04 00:00:00,21.13,40.44,90.36
2024-06-04 03:00:00,21.51,40.29,93.49
2024-06-04 06:00:00,20.45,40.36,94.37
2024-06-04 09:00:00,20.4,40.04,94.73
2024-06-04 12:00:00,21.17,40.35,93.4
2024-06-04 15:00:00,21.16,39.66,93.94
2024-06-04 18:00:00,20.18,40.22,94.42
2024-06-04 21:00:00,21.16,39.63,91.68
2024-06-05 00:00:00,21.99,39.7,93.86
2024-06-05 03:00:00,21.46,39.77,92.55
2024-06-05 06:00:00,20.93,39.99,92.31
2024-06-05 09:00:00,21.9,39.96,90.91
2024-06-05 12:00:00,21.85,39.66,94.57
2024-06-05 15:00:00,20.74,39.77,93.29
2024-06-05 18:00:00,20.71,39.65,93.22
2024-06-05 21:00:00,21.44,40.38,92.91
2024-06-06 00:00:00,20.36,40.16,93.64
2024-06-06 03:00:00,21.7,39.97,94.59
2024-06-06 06:00:00,20.87,39.65,92.98
2024-06-06 09:00:00,20.75,40.13,94.81
2024-06-06 12:00:00,20.36,39.79,91.01
2024-06-06 15:00:00,20.27,40.45,91.59
2024-06-06 18:00:00,21.93,40.36,94.33
2024-06-06 21:00:00,20.54,40.05,91.42
2024-06-07 00:00:00,21.4,40.41,92.33
2024-06-07 03:00:00,20.25,40.43,94.35
2024-06-07 06:00:00,21.69,40.18,92.39
2024-06-07 09:00:00,21.61,40.26,90.19
2024-06-07 12:00:00,21.01,39.72,91.96
2024-06-07 15:00:00,20.03,40.1,90.04
2024-06-07 18:00:00,20.12,39.59,94.41
2024-06-07 21:00:00,20.41,39.8,89.53
2024-06-08 00:00:00,21.15,40.1,93.01
2024-06-08 03:00:00,20.43,39.84,93.06
2024-06-08 06:00:00,20.09,39.53,90.73
2024-06-08 09:00:00,21.36,40.16,91.37
2024-06-08 12:00:00,21.33,39.86,89.4
2024-06-08 15:00:00,21.82,40.46,91.68
2024-06-08 18:00:00,20.16,40.32,91.82
2024-06-08 21:00:00,21.92,40.3,90.34
2024-06-09 00:00:00,20.85,40.07,94.86
2024-06-09 03:00:00,21.19,40.35,94.82
2024-06-09 06:00:00,20.95,40.3,93.6
2024-06-09 09:00:00,20.63,39.61,93.36
2024-06-09 12:00:00,20.89,39.82,92.55
2024-06-09 15:00:00,21.14,39.62,93.93
2024-06-09 18:00:00,21.04,39.85,94.8
2024-06-09 21:00:00,20.98,39.52,90.28
2024-06-10 00:00:00,21.66,40.01,93.67
2024-06-10 03:00:00,20.19,40.2,93.67
2024-06-10 06:00:00,20.16,40.47,89.62
2024-06-10 09:00:00,20.64,40.42,93.23
2024-06-10 12:00:00,20.06,39.84,90.29
2024-06-10 15:00:00,20.43,39.62,94.49
2024-06-10 18:00:00,20.58,40.2,92.23
2024-06-10 21:00:00,20.91,40.48,93.91
2024-06-11 00:00:00,21.29,40.3,93.58
2024-06-11 03:00:00,21.59,40.01,90.54
2024-06-11 06:00:00,20.63,40.17,92.58
2024-06-11 09:00:00,20.15,40.07,89.51
2024-06-11 12:00:00,21.11,39.66,93.04
2024-06-11 15:00:00,21.22,39.52,94.45
2024-06-11 18:00:00,20.39,39.61,90.2
2024-06-11 21:00:00,21.13,40.05,93.36
2024-06-12 00:00:00,21.91,40.38,91.29
2024-06-12 03:00:00,21.21,39.59,90.17
2024-06-12 06:00:00,20.96,40.16,93.18
2024-06-12 09:00:00,20.42,39.84,91.87
2024-06-12 12:00:00,20.01,39.96,90.89
2024-06-12 15:00:00,21.84,40.08,90.96
2024-06-12 18:00:00,20.4,39.89,92.09
2024-06-12 21:00:00,21.67,39.96,93.91
2024-06-13 00:00:00,21.51,40.14,92.28
2024-06-13 03:00:00,20.99,39.91,93.99
2024-06-13 06:00:00,21.45,39.73,91.42
2024-06-13 09:00:00,21.44,39.92,94.34
2024-06-13 12:00:00,20.4,39.76,94.82
2024-06-13 15:00:00,20.37,39.79,90.06
2024-06-13 18:00:00,20.74,39.69,90.6
2024-06-13 21:00:00,20.37,40.4,90.41
2024-06-14 00:00:00,20.21,40.15,93.34
2024-06-14 03:00:00,21.64,40.13,91.51
2024-06-14 06:00:00,21.09,40.26,89.58
2024-06-14 09:00:00,21.3,39.67,92.62
2024-06-14 12:00:00,21.08,40.04,91.96
2024-06-14 15:00:00,21.4,40.15,92.88
2024-06-14 18:00:00,21.68,39.83,92.87
2024-06-14 21:00:00,20.13,39.93,89.9
2024-06-15 00:00:00,21.05,39.79,90.42
2024-06-15 03:00:00,20.62,39.65,94.32
2024-06-15 06:00:00,20.38,40.44,94.37
2024-06-15 09:00:00,21.32,40.31,92.85
2024-06-15 12:00:00,21.44,39.57,91.51
2024-06-15 15:00:00,20.14,40.15,91.01
2024-06-15 18:00:00,21.82,40.0,93.25
2024-06-15 21:00:00,21.48,40.26,89.64
2024-06-16 00:00:00,21.49,39.75,89.05
2024-06-16 03:00:00,20.65,40.2,93.22
2024-06-16 06:00:00,21.79,39.83,90.19
2024-06-16 09:00:00,20.96,40.21,91.31
2024-06-16 12:00:00,21.59,40.49,94.88
2024-06-16 15:00:00,20.18,40.02,93.62
2024-06-16 18:00:00,21.41,39.99,91.43
2024-06-16 21:00:00,20.43,40.41,90.97
2024-06-17 00:00:00,20.06,40.48,91.72
2024-06-17 03:00:00,20.94,39.68,89.7
2024-06-17 06:00:00,21.09,40.19,89.43
2024-06-17 09:00:00,21.0,40.31,91.02
2024-06-17 12:00:00,21.43,40.06,90.76
2024-06-17 15:00:00,20.51,39.65,91.86
2024-06-17 18:00:00,20.46,40.16,91.07
2024-06-17 21:00:00,21.71,39.66,93.88
2024-06-18 00:00:00,20.56,39.71,92.02
2024-06-18 03:00:00,21.47,39.98,94.54
2024-06-18 06:00:00,21.37,39.96,94.45
2024-06-18 09:00:00,21.82,39.69,92.8
2024-06-18 12:00:00,20.44,40.04,94.13
2024-06-18 15:00:00,20.05,40.2,89.79
2024-06-18 18:00:00,21.78,40.27,92.31
2024-06-18 21:00:00,20.19,39.54,94.42
2024-06-19 00:00:00,20.84,39.51,92.77
2024-06-19 03:00:00,20.3,39.59,90.48
2024-06-19 06:00:00,21.81,39.57,89.4
2024-06-19 09:00:00,21.11,39.88,93.51
2024-06-19 12:00:00,20.89,40.5,89.61
2024-06-19 15:00:00,21.44,40.2,90.07
2024-06-19 18:00:00,21.83,40.48,92.99
2024-06-19 21:00:00,21.28,39.88,90.82
2024-06-20 00:00:00,20.58,39.7,91.0
2024-06-20 03:00:00,20.09,40.15,91.12
2024-06-20 06:00:00,21.14,40.08,91.92
2024-06-20 09:00:00,21.15,40.02,90.82
2024-06-20 12:00:00,21.2,40.21,94.65
2024-06-20 15:00:00,20.08,40.16,93.51
2024-06-20 18:00:00,21.31,39.94,90.85
2024-06-20 21:00:00,21.35,39.9,91.28
2024-06-21 00:00:00,21.03,39.88,94.58
2024-06-21 03:00:00,21.72,39.69,90.54
2024-06-21 06:00:00,21.75,40.04,94.61
2024-06-21 09:00:00,20.0,39.86,89.55
2024-06-21 12:00:00,20.89,39.74,93.34
2024-06-21 15:00:00,21.91,39.51,91.65
2024-06-21 18:00:00,20.53,39.76,95.0
2024-06-21 21:00:00,21.72,40.33,93.07
2024-06-22 00:00:00,21.03,40.46,90.92
2024-06-22 03:00:00,21.9,40.46,94.23
2024-06-22 06:00:00,21.42,39.57,93.78
2024-06-22 09:00:00,21.06,40.28,92.89
2024-06-22 12:00:00,20.23,40.48,93.54
2024-06-22 15:00:00,21.32,39.74,93.3
2024-06-22 18:00:00,21.64,39.52,92.92
2024-06-22 21:00:00,21.03,40.32,93.88
2024-06-23 00:00:00,20.22,40.37,92.99
2024-06-23 03:00:00,20.12,40.27,94.81
2024-06-23 06:00:00,21.89,39.99,92.12
2024-06-23 09:00:00,21.42,39.74,94.65
2024-06-23 12:00:00,21.44,39.69,92.48
2024-06-23 15:00:00,21.28,40.35,94.7
2024-06-23 18:00:00,21.13,39.68,91.7
2024-06-23 21:00:00,21.79,39.79,92.85
2024-06-24 00:00:00,21.23,39.7,93.18
2024-06-24 03:00:00,20.93,40.4,93.15
2024-06-24 06:00:00,20.07,40.13,92.51
2024-06-24 09:00:00,21.58,39.7,89.7
2024-06-24 12:00:00,21.16,40.12,94.14
2024-06-24 15:00:00,20.84,40.32,93.83
2024-06-24 18:00:00,20.24,40.06,93.08
2024-06-24 21:00:00,20.15,40.13,92.54
2024-06-25 00:00:00,21.63,40.14,93.02
2024-06-25 03:00:00,21.63,39.53,94.95
2024-06-25 06:00:00,21.38,39.82,91.24
2024-06-25 09:00:00,21.26,39.59,92.23
2024-06-25 12:00:00,21.88,39.64,90.4
2024-06-25 15:00:00,20.91,39.53,90.72
2024-06-25 18:00:00,21.98,40.12,91.76
2024-06-25 21:00:00,20.47,40.24,89.65
2024-06-26 00:00:00,20.37,40.41,92.58
2024-06-26 03:00:00,21.36,40.37,94.98
2024-06-26 06:00:00,21.19,40.42,89.17
2024-06-26 09:00:00,21.07,40.48,89.55
2024-06-26 12:00:00,21.61,39.81,94.6
2024-06-26 15:00:00,20.99,40.46,93.15
2024-06-26 18:00:00,21.72,39.56,93.1
2024-06-26 21:00:00,20.59,40.36,91.68
2024-06-27 00:00:00,21.58,40.2,92.88
2024-06-27 03:00:00,21.97,40.25,90.93
2024-06-27 06:00:00,21.44,40.37,92.85
2024-06-27 09:00:00,21.19,40.36,94.07
2024-06-27 12:00:00,20.24,40.36,92.21
2024-06-27 15:00:00,20.08,39.68,93.26
2024-06-27 18:00:00,20.72,39.73,89.74
2024-06-27 21:00:00,20.49,39.95,92.16
2024-06-28 00:00:00,21.03,39.52,90.98
2024-06-28 03:00:00,20.68,39.87,94.95
2024-06-28 06:00:00,20.33,39.65,91.16
2024-06-28 09:00:00,21.56,39.72,94.53
2024-06-28 12:00:00,20.53,39.99,91.82
2024-06-28 15:00:00,21.16,40.41,92.14
2024-06-28 18:00:00,20.9,40.09,91.65
2024-06-28 21:00:00,21.38,40.42,92.42
2024-06-29 00:00:00,20.44,39.76,92.56
2024-06-29 03:00:00,21.4,40.01,89.87
2024-06-29 06:00:00,21.96,40.05,91.0
2024-06-29 09:00:00,21.4,39.81,93.33
2024-06-29 12:00:00,21.88,40.04,93.01
2024-06-29 15:00:00,21.2,40.07,89.11
2024-06-29 18:00:00,21.28,40.21,93.5
2024-06-29 21:00:00,20.39,40.06,90.77
2024-06-30 00:00:00,20.69,39.99,94.36
2024-06-30 03:00:00,20.83,39.94,89.04
2024-06-30 06:00:00,20.05,39.92,90.76
2024-06-30 09:00:00,21.92,39.79,90.95
2024-06-30 12:00:00,20.09,40.4,90.42
2024-06-30 15:00:00,21.3,39.8,92.22
2024-06-30 18:00:00,21.78,39.82,91.01
2024-06-30 21:00:00,20.59,40.16,93.36
2024-07-01 00:00:00,20.16,39.85,94.99
2024-07-01 03:00:00,20.64,40.47,94.02
2024-07-01 06:00:00,20.78,39.95,93.87
2024-07-01 09:00:00,21.42,40.36,92.53
2024-07-01 12:00:00,21.44,40.33,90.26
2024-07-01 15:00:00,20.93,39.71,91.83
2024-07-01 18:00:00,20.83,39.72,92.91
2024-07-01 21:00:00,20.38,39.62,90.95
2024-07-02 00:00:00,20.42,40.1,93.24
2024-07-02 03:00:00,21.32,40.02,92.33
2024-07-02 06:00:00,20.37,39.89,89.56
2024-07-02 09:00:00,21.22,39.55,89.83
2024-07-02 12:00:00,21.24,40.4,94.75
2024-07-02 15:00:00,20.84,40.01,94.04
2024-07-02 18:00:00,21.6,39.91,91.36
2024-07-02 21:00:00,20.47,39.93,90.03
2024-07-03 00:00:00,20.15,40.12,91.54
2024-07-03 03:00:00,21.97,39.71,92.07
2024-07-03 06:00:00,20.46,40.02,91.67
2024-07-03 09:00:00,21.79,39.54,93.31
2024-07-03 12:00:00,20.9,39.56,93.19
2024-07-03 15:00:00,20.13,39.68,93.11
2024-07-03 18:00:00,21.43,40.22,91.51
2024-07-03 21:00:00,21.32,40.24,92.36
2024-07-04 00:00:00,21.37,40.47,89.12
2024-07-04 03:00:00,21.58,40.41,94.56
2024-07-04 06:00:00,21.55,39.67,91.33
2024-07-04 09:00:00,20.54,40.2,90.68
2024-07-04 12:00:00,20.01,39.52,89.98
2024-07-04 15:00:00,20.83,39.56,91.55
2024-07-04 18:00:00,21.69,40.25,93.92
2024-07-04 21:00:00,20.29,40.48,92.51
2024-07-05 00:00:00,20.46,39.62,89.9
2024-07-05 03:00:00,20.44,39.57,91.05
2024-07-05 06:00:00,20.47,40.41,93.67
2024-07-05 09:00:00,21.54,40.25,93.17
2024-07-05 12:00:00,20.12,40.4,93.19
2024-07-05 15:00:00,20.41,39.86,89.19
2024-07-05 18:00:00,21.57,39.81,93.75
2024-07-05 21:00:00,21.05,40.33,91.31
2024-07-06 00:00:00,21.55,40.2,93.66
2024-07-06 03:00:00,20.76,39.69,90.15
2024-07-06 06:00:00,20.69,40.36,92.83
2024-07-06 09:00:00,20.37,39.85,93.49
2024-07-06 12:00:00,20.57,40.16,92.57
2024-07-06 15:00:00,20.7,40.39,94.65
2024-07-06 18:00:00,21.77,40.37,91.14
2024-07-06 21:00:00,20.46,39.87,89.26
2024-07-07 00:00:00,21.56,40.44,92.98
2024-07-07 03:00:00,21.99,39.66,92.4
2024-07-07 06:00:00,21.21,39.93,89.8
2024-07-07 09:00:00,21.49,40.23,94.48
2024-07-07 12:00:00,20.55,39.74,90.9
2024-07-07 15:00:00,21.73,39.82,93.09
2024-07-07 18:00:00,20.25,40.09,92.44
2024-07-07 21:00:00,20.78,40.14,92.28
2024-07-08 00:00:00,21.9,39.75,89.21
2024-07-08 03:00:00,21.13,40.48,94.11
2024-07-08 06:00:00,21.32,39.54,92.63
2024-07-08 09:00:00,21.38,40.28,92.45
2024-07-08 12:00:00,21.16,39.64,90.03
2024-07-08 15:00:00,21.94,39.58,91.86
2024-07-08 18:00:00,21.7,40.16,94.41
2024-07-08 21:00:00,20.56,40.25,93.72
2024-07-09 00:00:00,20.06,40.19,90.48
2024-07-09 03:00:00,20.94,40.02,94.75
2024-07-09 06:00:00,20.37,39.95,93.58
2024-07-09 09:00:00,20.78,40.5,92.24
2024-07-09 12:00:00,21.19,39.6,90.77
2024-07-09 15:00:00,20.21,39.96,90.96
2024-07-09 18:00:00,21.55,40.18,90.52
2024-07-09 21:00:00,21.68,40.08,93.14
2024-07-10 00:00:00,20.14,40.19,93.43
2024-07-10 03:00:00,20.72,40.25,93.46
2024-07-10 06:00:00,21.88,40.47,94.31
2024-07-10 09:00:00,21.25,39.77,92.69
2024-07-10 12:00:00,20.63,40.47,89.4
2024-07-10 15:00:00,20.72,40.36,93.99
2024-07-10 18:00:00,20.67,40.11,90.15
2024-07-10 21:00:00,20.36,40.31,91.99
2024-07-11 00:00:00,20.41,39.51,90.44
2024-07-11 03:00:00,20.86,39.82,92.07
2024-07-11 06:00:00,20.28,39.52,94.41
2024-07-11 09:00:00,20.85,39.84,94.12
2024-07-11 12:00:00,21.47,39.86,92.98
2024-07-11 15:00:00,21.64,40.41,94.63
2024-07-11 18:00:00,21.4,40.28,91.43
2024-07-11 21:00:00,21.09,40.1,94.39
2024-07-12 00:00:00,20.17,40.47,92.17
2024-07-12 03:00:00,21.87,39.94,93.08
2024-07-12 06:00:00,21.53,39.79,89.33
2024-07-12 09:00:00,20.63,39.84,94.11
2024-07-12 12:00:00,21.54,39.64,94.8
2024-07-12 15:00:00,20.86,39.72,91.69
2024-07-12 18:00:00,20.55,39.58,94.47
2024-07-12 21:00:00,21.44,39.64,90.74
2024-07-13 00:00:00,20.14,39.57,94.27
2024-07-13 03:00:00,21.56,39.7,93.56
2024-07-13 06:00:00,21.59,39.81,94.15
2024-07-13 09:00:00,21.83,39.8,92.81
2024-07-13 12:00:00,21.91,40.17,90.41
2024-07-13 15:00:00,20.85,39.68,90.83
2024-07-13 18:00:00,20.65,39.51,92.95
2024-07-13 21:00:00,21.38,39.82,93.98
2024-07-14 00:00:00,20.17,40.07,91.55
2024-07-14 03:00:00,20.3,40.33,94.38
2024-07-14 06:00:00,20.04,39.84,91.98
2024-07-14 09:00:00,20.67,40.41,89.75
2024-07-14 12:00:00,20.01,39.52,92.74
2024-07-14 15:00:00,21.36,40.23,89.65
2024-07-14 18:00:00,20.62,40.25,90.72
2024-07-14 21:00:00,21.76,39.92,91.15
2024-07-15 00:00:00,21.96,39.61,94.85
2024-07-15 03:00:00,21.89,40.17,93.77
2024-07-15 06:00:00,21.92,39.98,90.27
2024-07-15 09:00:00,20.16,39.64,90.05
2024-07-15 12:00:00,20.98,40.39,90.33
2024-07-15 15:00:00,20.26,39.73,94.22
2024-07-15 18:00:00,20.57,39.96,90.25
2024-07-15 21:00:00,21.23,40.15,92.25
2024-07-16 00:00:00,20.81,40.47,92.23
2024-07-16 03:00:00,20.23,39.77,90.56
2024-07-16 06:00:00,20.99,39.51,90.57
2024-07-16 09:00:00,21.95,40.16,94.14
2024-07-16 12:00:00,20.7,39.9,94.87
2024-07-16 15:00:00,20.16,39.92,91.83
2024-07-16 18:00:00,20.96,39.72,93.3
2024-07-16 21:00:00,20.33,39.72,90.47
2024-07-17 00:00:00,20.19,39.76,93.42
2024-07-17 03:00:00,20.8,40.21,92.03
2024-07-17 06:00:00,20.55,39.75,90.18
2024-07-17 09:00:00,20.07,40.12,90.67
2024-07-17 12:00:00,21.64,39.5,93.98
2024-07-17 15:00:00,20.67,40.19,91.4
2024-07-17 18:00:00,21.36,40.01,93.87
2024-07-17 21:00:00,21.7,39.58,93.39
2024-07-18 00:00:00,21.59,40.37,91.55
2024-07-18 03:00:00,20.88,39.64,91.66
2024-07-18 06:00:00,21.81,39.92,94.78
2024-07-18 09:00:00,20.5,39.94,91.61
2024-07-18 12:00:00,20.9,40.18,94.46
2024-07-18 15:00:00,21.92,40.3,92.86
2024-07-18 18:00:00,21.89,40.1,93.36
2024-07-18 21:00:00,20.62,40.35,91.86
2024-07-19 00:00:00,21.6,40.29,90.91
2024-07-19 03:00:00,21.45,40.2,90.76
2024-07-19 06:00:00,21.88,40.03,90.29
2024-07-19 09:00:00,21.58,39.74,90.6
2024-07-19 12:00:00,21.31,39.71,91.99
2024-07-19 15:00:00,21.95,39.8,94.1
2024-07-19 18:00:00,21.83,40.3,91.78
2024-07-19 21:00:00,21.63,39.79,93.23
2024-07-20 00:00:00,21.02,39.71,89.87
2024-07-20 03:00:00,20.85,39.99,93.07
2024-07-20 06:00:00,20.27,39.51,93.9
2024-07-20 09:00:00,21.58,39.77,93.91
2024-07-20 12:00:00,20.01,40.26,93.48
2024-07-20 15:00:00,21.04,39.81,90.99
2024-07-20 18:00:00,21.72,40.2,92.62
2024-07-20 21:00:00,21.7,40.37,91.4
2024-07-21 00:00:00,21.5,39.61,94.85
2024-07-21 03:00:00,21.95,39.76,89.94
2024-07-21 06:00:00,21.01,40.44,89.62
2024-07-21 09:00:00,20.81,40.43,93.01
2024-07-21 12:00:00,20.68,39.71,94.46
2024-07-21 15:00:00,21.67,40.17,91.98
2024-07-21 18:00:00,20.1,39.6,89.08
2024-07-21 21:00:00,20.89,40.11,92.52
2024-07-22 00:00:00,20.0,39.89,89.45
2024-07-22 03:00:00,20.67,40.14,89.82
2024-07-22 06:00:00,21.12,40.09,92.71
2024-07-22 09:00:00,20.25,40.05,92.94
2024-07-22 12:00:00,21.09,40.41,90.6
2024-07-22 15:00:00,21.08,40.27,93.91
2024-07-22 18:00:00,21.69,39.55,89.52
2024-07-22 21:00:00,20.11,40.37,92.19
2024-07-23 00:00:00,21.09,40.04,93.22
2024-07-23 03:00:00,20.67,40.31,91.84
2024-07-23 06:00:00,21.43,39.87,93.9
2024-07-23 09:00:00,20.68,39.56,94.32
2024-07-23 12:00:00,21.91,40.49,94.4
2024-07-23 15:00:00,21.02,40.09,93.0
2024-07-23 18:00:00,21.37,40.33,92.64
2024-07-23 21:00:00,20.38,39.72,92.83
2024-07-24 00:00:00,21.73,40.3,89.41
2024-07-24 03:00:00,20.11,39.69,93.7
2024-07-24 06:00:00,20.39,39.74,92.12
2024-07-24 09:00:00,21.48,40.28,94.46
2024-07-24 12:00:00,21.72,39.61,91.46
2024-07-24 15:00:00,20.79,40.23,91.3
2024-07-24 18:00:00,20.94,40.05,89.0
2024-07-24 21:00:00,21.67,39.62,91.04
2024-07-25 00:00:00,21.67,39.98,92.83
2024-07-25 03:00:00,20.35,39.83,91.21
2024-07-25 06:00:00,21.13,39.65,91.86
2024-07-25 09:00:00,21.51,40.36,91.14
2024-07-25 12:00:00,20.84,39.67,91.95
2024-07-25 15:00:00,20.39,39.84,92.7
2024-07-25 18:00:00,21.41,39.95,89.7
2024-07-25 21:00:00,20.41,40.12,92.37
2024-07-26 00:00:00,20.19,40.38,89.29
2024-07-26 03:00:00,20.96,39.59,93.41
2024-07-26 06:00:00,20.59,40.02,89.76
2024-07-26 09:00:00,21.34,40.09,92.5
2024-07-26 12:00:00,21.64,40.18,92.89
2024-07-26 15:00:00,20.6,40.03,94.48
2024-07-26 18:00:00,21.61,39.72,93.12
2024-07-26 21:00:00,20.91,40.36,93.34
2024-07-27 00:00:00,21.21,39.97,94.7
2024-07-27 03:00:00,20.26,39.85,92.19
2024-07-27 06:00:00,21.99,39.61,94.66
2024-07-27 09:00:00,21.29,39.96,94.75
2024-07-27 12:00:00,20.23,40.07,90.05
2024-07-27 15:00:00,20.7,39.54,90.91
2024-07-27 18:00:00,20.68,40.14,89.89
2024-07-27 21:00:00,21.47,40.04,94.79
2024-07-28 00:00:00,20.7,39.58,89.29
2024-07-28 03:00:00,21.9,39.56,94.23
2024-07-28 06:00:00,21.66,40.2,94.57
2024-07-28 09:00:00,20.41,40.08,90.7
2024-07-28 12:00:00,21.2,40.09,94.43
2024-07-28 15:00:00,21.77,40.18,92.6
2024-07-28 18:00:00,20.55,40.43,92.11
2024-07-28 21:00:00,20.51,40.48,89.96
2024-07-29 00:00:00,20.15,40.22,89.46
2024-07-29 03:00:00,21.03,39.95,92.57
2024-07-29 06:00:00,20.46,39.81,89.66
2024-07-29 09:00:00,20.98,39.92,94.7
2024-07-29 12:00:00,21.67,39.74,91.97
2024-07-29 15:00:00,20.03,39.94,89.06
2024-07-29 18:00:00,20.02,40.08,89.04
2024-07-29 21:00:00,21.4,39.84,93.15
2024-07-30 00:00:00,20.45,39.73,92.0
2024-07-30 03:00:00,20.09,40.27,94.02
2024-07-30 06:00:00,20.62,40.37,89.72
2024-07-30 09:00:00,20.97,40.25,90.32
2024-07-30 12:00:00,20.65,39.67,94.09
2024-07-30 15:00:00,21.37,40.02,90.91
2024-07-30 18:00:00,20.16,39.55,94.87
2024-07-30 21:00:00,21.22,39.93,92.59
2024-07-31 00:00:00,20.81,40.11,94.44
2024-07-31 03:00:00,21.07,39.73,89.56
2024-07-31 06:00:00,21.83,39.59,90.7
2024-07-31 09:00:00,20.9,39.73,90.44
2024-07-31 12:00:00,21.24,39.83,90.17
2024-07-31 15:00:00,20.16,39.9,91.51
2024-07-31 18:00:00,20.49,40.08,92.36
2024-07-31 21:00:00,21.49,40.11,89.35
2024-08-01 00:00:00,20.13,40.49,89.34
2024-08-01 03:00:00,21.48,40.25,89.33
2024-08-01 06:00:00,20.42,40.47,90.33
2024-08-01 09:00:00,21.32,40.01,91.67
2024-08-01 12:00:00,21.93,39.59,92.57
2024-08-01 15:00:00,20.17,40.45,93.67
2024-08-01 18:00:00,20.44,39.96,92.05
2024-08-01 21:00:00,20.69,39.91,90.67
2024-08-02 00:00:00,21.09,39.7,91.95
2024-08-02 03:00:00,20.22,39.75,91.17
2024-08-02 06:00:00,20.01,39.73,94.05
2024-08-02 09:00:00,20.84,40.06,92.26
2024-08-02 12:00:00,20.34,39.7,91.36
2024-08-02 15:00:00,20.07,40.47,92.28
2024-08-02 18:00:00,22.0,40.32,94.19
2024-08-02 21:00:00,21.0,39.68,94.6
2024-08-03 00:00:00,20.72,40.34,89.16
2024-08-03 03:00:00,20.82,40.23,89.67
2024-08-03 06:00:00,20.5,39.52,94.17
2024-08-03 09:00:00,21.34,40.41,93.33
2024-08-03 12:00:00,20.44,39.82,89.81
2024-08-03 15:00:00,20.4,40.25,93.95
2024-08-03 18:00:00,21.24,39.71,94.95
2024-08-03 21:00:00,21.36,40.27,92.71
2024-08-04 00:00:00,20.6,39.86,94.68
2024-08-04 03:00:00,20.61,40.02,91.61
2024-08-04 06:00:00,21.82,40.16,91.16
2024-08-04 09:00:00,20.06,39.98,89.2
2024-08-04 12:00:00,20.71,40.05,89.68
2024-08-04 15:00:00,20.9,40.17,90.15
2024-08-04 18:00:00,20.03,40.2,89.44
2024-08-04 21:00:00,21.07,40.38,91.32
2024-08-05 00:00:00,21.56,39.87,90.15
2024-08-05 03:00:00,21.66,39.9,91.62
2024-08-05 06:00:00,21.31,39.55,90.8
2024-08-05 09:00:00,20.41,39.55,94.52
2024-08-05 12:00:00,21.66,40.42,90.13
2024-08-05 15:00:00,21.21,39.79,93.32
2024-08-05 18:00:00,21.43,39.98,90.91
2024-08-05 21:00:00,20.09,40.18,91.57
2024-08-06 00:00:00,20.43,39.57,92.16
2024-08-06 03:00:00,21.51,39.73,90.4
2024-08-06 06:00:00,20.88,39.6,94.85
2024-08-06 09:00:00,20.37,39.59,92.35
2024-08-06 12:00:00,20.78,40.05,91.36
2024-08-06 15:00:00,21.18,39.84,91.4
2024-08-06 18:00:00,21.48,39.74,93.58
2024-08-06 21:00:00,21.1,40.5,89.51
2024-08-07 00:00:00,20.36,39.97,92.99
2024-08-07 03:00:00,20.12,39.73,89.76
2024-08-07 06:00:00,20.79,39.64,92.17
2024-08-07 09:00:00,20.99,39.75,89.16
2024-08-07 12:00:00,21.57,39.7,93.21
2024-08-07 15:00:00,21.8,39.63,90.09
2024-08-07 18:00:00,21.87,39.89,91.88
2024-08-07 21:00:00,21.09,40.22,92.41
2024-08-08 00:00:00,21.37,40.27,89.76
2024-08-08 03:00:00,20.67,39.79,91.71
2024-08-08 06:00:00,21.05,39.96,90.42
2024-08-08 09:00:00,21.31,39.61,91.52
2024-08-08 12:00:00,21.98,40.26,92.58
2024-08-08 15:00:00,21.43,39.83,90.71
2024-08-08 18:00:00,20.0,40.38,91.86
2024-08-08 21:00:00,21.18,39.85,94.05
2024-08-09 00:00:00,21.23,39.95,94.57
2024-08-09 03:00:00,20.15,39.59,94.73
2024-08-09 06:00:00,20.57,40.43,93.92
2024-08-09 09:00:00,21.49,39.69,92.27
2024-08-09 12:00:00,21.89,39.9,91.12
2024-08-09 15:00:00,21.52,39.55,93.95
2024-08-09 18:00:00,21.31,39.77,89.96
2024-08-09 21:00:00,20.02,40.41,94.98
2024-08-10 00:00:00,21.68,39.62,90.47
2024-08-10 03:00:00,21.75,40.41,93.08
2024-08-10 06:00:00,20.37,40.05,91.44
2024-08-10 09:00:00,21.83,40.18,91.83
2024-08-10 12:00:00,20.77,40.34,92.76
2024-08-10 15:00:00,21.95,40.37,93.47
2024-08-10 18:00:00,20.64,40.31,89.23
2024-08-10 21:00:00,21.19,39.99,89.84
2024-08-11 00:00:00,20.79,39.62,92.41
2024-08-11 03:00:00,20.72,39.78,91.93
2024-08-11 06:00:00,20.4,39.54,92.46
2024-08-11 09:00:00,20.27,39.53,94.88
2024-08-11 12:00:00,20.44,39.56,94.91
2024-08-11 15:00:00,20.55,39.85,94.74
2024-08-11 18:00:00,21.45,40.28,94.51
2024-08-11 21:00:00,20.16,39.9,92.36
2024-08-12 00:00:00,20.14,39.84,94.96
2024-08-12 03:00:00,21.28,39.82,94.26
2024-08-12 06:00:00,21.92,40.34,91.66
2024-08-12 09:00:00,21.61,39.63,93.91
2024-08-12 12:00:00,20.36,40.24,92.19
2024-08-12 15:00:00,20.71,39.69,89.4
2024-08-12 18:00:00,20.36,39.86,90.27
2024-08-12 21:00:00,20.44,39.57,93.67
2024-08-13 00:00:00,20.55,39.74,91.66
2024-08-13 03:00:00,21.03,40.17,94.35
2024-08-13 06:00:00,20.05,39.92,93.41
2024-08-13 09:00:00,20.02,40.41,90.91
2024-08-13 12:00:00,20.72,39.54,91.22
2024-08-13 15:00:00,21.12,39.95,92.65
2024-08-13 18:00:00,21.29,40.23,91.44
2024-08-13 21:00:00,21.14,39.97,90.59
2024-08-14 00:00:00,21.42,40.06,91.89
2024-08-14 03:00:00,21.55,39.84,90.89
2024-08-14 06:00:00,21.03,39.57,90.53
2024-08-14 09:00:00,21.35,39.93,92.27
2024-08-14 12:00:00,21.07,39.69,90.94
2024-08-14 15:00:00,20.87,40.27,92.43
2024-08-14 18:00:00,20.7,40.28,93.76
2024-08-14 21:00:00,21.95,40.47,91.42
2024-08-15 00:00:00,20.58,40.14,92.22
2024-08-15 03:00:00,21.05,40.46,89.76
2024-08-15 06:00:00,20.29,40.47,94.78
2024-08-15 09:00:00,21.57,40.15,90.07
2024-08-15 12:00:00,21.52,39.68,90.47
2024-08-15 15:00:00,21.63,40.44,89.92
2024-08-15 18:00:00,21.99,40.08,93.04
2024-08-15 21:00:00,21.38,40.47,94.51
2024-08-16 00:00:00,20.12,39.84,92.84
2024-08-16 03:00:00,21.58,39.64,91.52
2024-08-16 06:00:00,21.14,40.12,90.86
2024-08-16 09:00:00,21.84,40.27,91.02
2024-08-16 12:00:00,21.43,40.02,94.64
2024-08-16 15:00:00,21.45,40.15,94.24
2024-08-16 18:00:00,20.29,40.47,93.28
2024-08-16 21:00:00,21.81,40.21,92.25
2024-08-17 00:00:00,21.1,40.1,92.58
2024-08-17 03:00:00,21.98,40.19,91.6
2024-08-17 06:00:00,20.52,40.24,89.05
2024-08-17 09:00:00,20.7,39.6,92.9
2024-08-17 12:00:00,20.3,40.37,93.78
2024-08-17 15:00:00,21.96,39.76,94.46
2024-08-17 18:00:00,20.37,40.29,94.46
2024-08-17 21:00:00,20.84,39.96,92.19
2024-08-18 00:00:00,21.15,40.06,93.6
2024-08-18 03:00:00,21.01,39.55,89.38
2024-08-18 06:00:00,20.4,40.38,94.93
2024-08-18 09:00:00,21.37,40.42,94.74
2024-08-18 12:00:00,20.02,39.99,93.6
2024-08-18 15:00:00,20.45,40.24,89.41
2024-08-18 18:00:00,21.25,39.52,93.91
2024-08-18 21:00:00,20.53,40.08,91.89
2024-08-19 00:00:00,20.88,40.09,93.98
2024-08-19 03:00:00,20.84,40.3,94.88
2024-08-19 06:00:00,20.1,39.6,94.4
2024-08-19 09:00:00,20.55,40.18,90.1
2024-08-19 12:00:00,20.51,39.58,91.53
2024-08-19 15:00:00,21.1,40.17,93.2
2024-08-19 18:00:00,20.5,39.53,89.32
2024-08-19 21:00:00,21.08,39.68,91.61
2024-08-20 00:00:00,21.05,40.23,90.41
2024-08-20 03:00:00,21.83,40.42,93.75
2024-08-20 06:00:00,21.56,39.6,89.52
2024-08-20 09:00:00,20.06,40.18,93.84
2024-08-20 12:00:00,21.51,39.65,89.9
2024-08-20 15:00:00,21.6,39.91,93.25
2024-08-20 18:00:00,20.14,40.3,92.36
2024-08-20 21:00:00,21.51,39.71,93.79
2024-08-21 00:00:00,20.64,40.39,94.51
2024-08-21 03:00:00,21.86,39.76,94.75
2024-08-21 06:00:00,20.5,39.98,94.91
2024-08-21 09:00:00,20.96,40.19,92.95
2024-08-21 12:00:00,20.39,39.81,94.01
2024-08-21 15:00:00,20.76,40.03,89.8
2024-08-21 18:00:00,21.83,39.7,94.76
2024-08-21 21:00:00,20.17,39.8,89.92
2024-08-22 00:00:00,21.02,39.51,92.65
2024-08-22 03:00:00,21.5,39.76,94.03
2024-08-22 06:00:00,21.21,40.08,94.91
2024-08-22 09:00:00,20.56,40.34,90.31
2024-08-22 12:00:00,21.2,39.91,92.24
2024-08-22 15:00:00,20.05,39.69,89.15
2024-08-22 18:00:00,21.63,40.47,93.2
2024-08-22 21:00:00,21.1,39.72,94.67
2024-08-23 00:00:00,21.78,40.19,89.26
2024-08-23 03:00:00,21.87,39.7,94.23
2024-08-23 06:00:00,21.01,40.05,90.46
2024-08-23 09:00:00,21.48,40.21,89.76
2024-08-23 12:00:00,21.99,39.75,94.64
2024-08-23 15:00:00,20.44,39.76,92.56
2024-08-23 18:00:00,21.27,39.95,91.15
2024-08-23 21:00:00,21.05,40.32,90.97
2024-08-24 00:00:00,20.95,39.65,93.55
2024-08-24 03:00:00,20.49,39.75,90.36
2024-08-24 06:00:00,20.93,40.44,94.14
2024-08-24 09:00:00,21.96,40.2,89.89
2024-08-24 12:00:00,21.62,39.99,93.25
2024-08-24 15:00:00,21.39,40.46,91.06
2024-08-24 18:00:00,21.76,39.7,94.24
2024-08-24 21:00:00,21.43,39.72,94.65
2024-08-25 00:00:00,20.85,39.99,89.92
2024-08-25 03:00:00,21.92,40.5,94.72
2024-08-25 06:00:00,21.66,40.46,91.15
2024-08-25 09:00:00,21.35,39.63,89.54
2024-08-25 12:00:00,20.87,40.44,91.56
2024-08-25 15:00:00,20.06,40.47,93.3
2024-08-25 18:00:00,20.39,39.95,90.53
2024-08-25 21:00:00,21.41,40.28,92.97
2024-08-26 00:00:00,20.97,40.45,90.88
2024-08-26 03:00:00,20.66,40.17,90.51
2024-08-26 06:00:00,21.48,39.52,90.63
2024-08-26 09:00:00,21.77,40.12,90.57
2024-08-26 12:00:00,21.04,40.44,92.71
2024-08-26 15:00:00,20.15,39.9,94.8
2024-08-26 18:00:00,21.2,39.73,90.52
2024-08-26 21:00:00,20.45,40.34,89.65
2024-08-27 00:00:00,20.58,39.8,93.05
2024-08-27 03:00:00,21.93,40.35,94.73
2024-08-27 06:00:00,20.96,40.31,92.78
2024-08-27 09:00:00,21.74,39.62,91.89
2024-08-27 12:00:00,20.45,40.33,92.2
2024-08-27 15:00:00,20.98,39.87,92.25
2024-08-27 18:00:00,20.27,40.23,92.46
2024-08-27 21:00:00,20.93,40.2,89.22
2024-08-28 00:00:00,20.35,39.78,92.98
2024-08-28 03:00:00,21.61,39.7,90.83
2024-08-28 06:00:00,20.87,40.04,94.17
2024-08-28 09:00:00,21.8,40.23,92.51
2024-08-28 12:00:00,20.14,39.58,91.45
2024-08-28 15:00:00,21.49,40.27,91.43
2024-08-28 18:00:00,20.21,39.84,90.32
2024-08-28 21:00:00,21.63,40.24,91.44
2024-08-29 00:00:00,21.88,39.55,90.29
2024-08-29 03:00:00,20.89,39.96,90.34
2024-08-29 06:00:00,21.04,39.73,93.96
2024-08-29 09:00:00,21.94,39.5,91.28
2024-08-29 12:00:00,21.3,40.0,90.7
2024-08-29 15:00:00,21.61,39.92,94.67
2024-08-29 18:00:00,21.75,40.19,92.61
2024-08-29 21:00:00,21.24,40.25,93.51
2024-08-30 00:00:00,20.53,40.07,91.97
2024-08-30 03:00:00,21.3,40.36,94.89
2024-08-30 06:00:00,21.37,40.23,90.45
2024-08-30 09:00:00,21.52,39.99,89.9
2024-08-30 12:00:00,21.66,39.65,93.49
2024-08-30 15:00:00,20.12,39.69,89.52
2024-08-30 18:00:00,20.98,39.52,90.97
2024-08-30 21:00:00,20.81,39.54,89.65
2024-08-31 00:00:00,21.01,40.37,92.38
2024-08-31 03:00:00,21.4,40.06,94.15
2024-08-31 06:00:00,20.64,40.19,91.22
2024-08-31 09:00:00,21.1,39.73,90.46
2024-08-31 12:00:00,21.85,40.41,89.84
2024-08-31 15:00:00,20.83,39.64,90.13
2024-08-31 18:00:00,20.61,39.99,89.17
2024-08-31 21:00:00,20.8,39.58,90.0
2024-09-01 00:00:00,21.71,40.19,93.06
2024-09-01 03:00:00,20.99,40.38,94.72
2024-09-01 06:00:00,20.6,40.16,92.23
2024-09-01 09:00:00,21.98,40.1,90.5
2024-09-01 12:00:00,21.84,40.08,90.88
2024-09-01 15:00:00,20.06,39.84,92.59
2024-09-01 18:00:00,20.08,39.98,91.32
2024-09-01 21:00:00,20.57,40.47,92.72
2024-09-02 00:00:00,21.83,39.64,89.6
2024-09-02 03:00:00,21.93,39.69,89.05
2024-09-02 06:00:00,21.44,39.63,94.25
2024-09-02 09:00:00,20.26,40.02,90.92
2024-09-02 12:00:00,20.74,39.9,89.33
2024-09-02 15:00:00,20.29,40.08,92.44
2024-09-02 18:00:00,20.65,39.96,91.06
2024-09-02 21:00:00,20.05,39.7,91.16
2024-09-03 00:00:00,21.32,39.94,91.39
2024-09-03 03:00:00,21.99,39.74,89.69
2024-09-03 06:00:00,21.84,39.76,91.3
2024-09-03 09:00:00,20.73,39.96,89.98
2024-09-03 12:00:00,20.18,39.82,89.69
2024-09-03 15:00:00,21.01,40.33,89.69
2024-09-03 18:00:00,21.84,40.4,89.92
2024-09-03 21:00:00,20.35,39.68,90.5
2024-09-04 00:00:00,21.81,40.45,94.75
2024-09-04 03:00:00,21.03,39.68,91.43
2024-09-04 06:00:00,20.68,40.25,92.09
2024-09-04 09:00:00,21.34,40.34,90.86
2024-09-04 12:00:00,20.03,39.71,93.18
2024-09-04 15:00:00,21.11,40.2,92.79
2024-09-04 18:00:00,21.95,40.26,92.96
2024-09-04 21:00:00,20.67,40.37,94.73
2024-09-05 00:00:00,21.67,39.74,92.61
2024-09-05 03:00:00,20.65,39.72,89.37
2024-09-05 06:00:00,21.84,40.12,92.38
2024-09-05 09:00:00,20.77,39.92,91.44
2024-09-05 12:00:00,21.45,39.78,92.82
2024-09-05 15:00:00,21.74,40.33,93.3
2024-09-05 18:00:00,20.38,40.47,94.67
2024-09-05 21:00:00,21.89,40.19,91.12
2024-09-06 00:00:00,21.68,39.89,89.44
2024-09-06 03:00:00,21.78,40.05,89.71
2024-09-06 06:00:00,20.88,40.44,94.36
2024-09-06 09:00:00,21.18,40.45,94.55
2024-09-06 12:00:00,20.97,40.33,92.88
2024-09-06 15:00:00,21.87,39.98,92.69
2024-09-06 18:00:00,20.99,40.31,92.63
